Product,Category,Features
﻿Olay Fresh Effects S’Wipe Out! Refreshing Make-Up Removal Cloths,cleansers,"['Anti-Aging', 'Good for Dry Skin', 'Silicone', 'Fungal Acne Trigger', 'Comedogenic Rating (2)']"
ETUDE HOUSE Soon Jung pH6.5 Whip Cleanser ,cleansers,"['Promotes Wound Healing', 'Anti-Aging', 'Good for Oily Skin', 'Good for Dry Skin']"
SKINFOOD Black Sugar Perfect Bubble Foam,cleansers,"['Bad for Oily Skin', 'Good for Dry Skin', 'Fungal Acne Trigger', 'Bad for Sensitive Skin', 'Good for Oily Skin', 'Comedogenic Rating (2)']"
SKINFOOD Black Sugar Perfect Scrub Foam,cleansers,"['Anti-Aging', 'Good for Dry Skin', 'Silicone', 'Fungal Acne Trigger', 'Bad for Sensitive Skin', 'Bad for Dry Skin', 'Good for Oily Skin']"
Estee Lauder Verite LightLotion Cleanser,cleansers,"['Fungal Acne Trigger', 'Anti-Aging', 'Good for Dry Skin', 'Silicone']"
Biore Skin Care Facial Foam Rich Moisture,cleansers,"['Fungal Acne Trigger', 'Bad for Oily Skin', 'UV Protection', 'Good for Dry Skin']"
Clinique Pep-Start 2-in-1 Exfoliating Cleanser,cleansers,"['Promotes Wound Healing', 'Acne-Fighting', 'Anti-Aging', 'Bad for Oily Skin', 'Good for Dry Skin', 'Fungal Acne Trigger', 'Brightening']"
Simple Water Boost Facial Cleanser Gel Wash,cleansers,"['Promotes Wound Healing', 'Bad for Oily Skin', 'Good for Dry Skin', 'Anti-Aging']"
ETUDE HOUSE Real Art Cleansing Oil (Perfect),cleansers,"['Fungal Acne Trigger', 'Bad for Oily Skin']"
Simple Kind To Skin Vital Vitamin Foaming Cleanser ,cleansers,"['Promotes Wound Healing', 'Anti-Aging', 'Good for Dry Skin', 'Good for Oily Skin', 'Brightening']"
Aveeno Skin Brightening Daily Scrub,cleansers,"['Fungal Acne Trigger', 'Bad for Oily Skin', 'Paraben', 'Good for Dry Skin']"
Origins Mega-Mushroom Skin Relief Face Cleanser,cleansers,"['Good for Sensitive Skin', 'Promotes Wound Healing', 'Acne-Fighting', 'Good for Dry Skin', 'Silicone', 'Fungal Acne Trigger', 'Bad for Sensitive Skin', 'Brightening', 'Allergens']"
Clinique Facial Soap Mild,cleansers,"['UV Protection', 'Bad for Oily Skin', 'Good for Dry Skin']"
Mamonde Lotus Micro Cleansing Foam,cleansers,"['UV Protection', 'Bad for Oily Skin', 'Good for Dry Skin']"
Garnier Nutritioniste Clean + Purifying Foam Cleanser,cleansers,"['Acne-Fighting', 'Bad for Oily Skin', 'Good for Dry Skin', 'Fungal Acne Trigger', 'Brightening', 'Allergens']"
GOODAL Phytowash Yerba Mate Cleansing Foam,cleansers,"['Good for Sensitive Skin', 'Bad for Oily Skin', 'Good for Dry Skin', 'Fungal Acne Trigger', 'Bad for Sensitive Skin', 'Comedogenic Rating (2)']"
Olay 4 in 1 Daily Facial Cloths - Normal,cleansers,"['Good for Sensitive Skin', 'Promotes Wound Healing', 'Acne-Fighting', 'Anti-Aging', 'Bad for Oily Skin', 'Good for Dry Skin', 'Paraben', 'Allergens']"
Heimish All Clean White Clay Foam,cleansers,"['Promotes Wound Healing', 'Acne-Fighting', 'Bad for Oily Skin', 'Good for Dry Skin', 'Fungal Acne Trigger', 'Bad for Sensitive Skin']"
BOTANIC FARM Grain Ferment Cleansing Sherbet,cleansers,"['Fungal Acne Trigger', 'Anti-Aging', 'Good for Dry Skin']"
HOLIKA HOLIKA Smooth Egg Skin Charcoal Egg Soap,cleansers,"['UV Protection', 'Bad for Oily Skin', 'Comedogenic Rating (2)', 'Good for Dry Skin']"
NATURE REPUBLIC Jeju Sparkling Cleansing Water,cleansers,"['Promotes Wound Healing', 'Anti-Aging', 'Good for Dry Skin']"
Whamisa Organic Flowers Cleansing Water,cleansers,"['Promotes Wound Healing', 'Acne-Fighting', 'Bad for Dry Skin', 'Good for Dry Skin', 'Bad for Sensitive Skin']"
MUJI Mild Cleansing Oil,cleansers,"['Bad for Oily Skin', 'Anti-Aging', 'Good for Dry Skin', 'Fungal Acne Trigger', 'Paraben']"
"Shiseido Pureness Refreshing Cleansing Sheets, Oil-Free, Alcohol-Free",cleansers,"['Paraben', 'Bad for Sensitive Skin', 'Anti-Aging', 'Good for Dry Skin']"
Pyunkang Yul Acne Facial Cleanser,cleansers,"['Good for Sensitive Skin', 'Promotes Wound Healing', 'Acne-Fighting', 'Anti-Aging', 'Good for Dry Skin', 'Good for Oily Skin']"
Olay Ultra Moisture Bar,cleansers,"['Comedogenic Rating (1)', 'Bad for Oily Skin', 'Good for Dry Skin', 'Fungal Acne Trigger', 'UV Protection']"
Aveeno Daily Cleansing Pads,cleansers,"['Sulfate', 'Acne-Fighting', 'Anti-Aging', 'Good for Dry Skin', 'Fungal Acne Trigger', 'Paraben']"
Sulwhasoo Snowise Brightening Cleansing Foam,cleansers,"['Acne-Fighting', 'Good for Dry Skin', 'Fungal Acne Trigger', 'Brightening', 'UV Protection']"
Clinique Facial Soap Oily,cleansers,"['UV Protection', 'Comedogenic Rating (1)', 'Good for Oily Skin', 'Good for Dry Skin']"
Olay Daily Facials Gentle Clean 4-in-1 Water Activated Cleansing Cloths Fragrance-Free,cleansers,"['Good for Sensitive Skin', 'Promotes Wound Healing', 'Anti-Aging', 'Bad for Oily Skin', 'Good for Dry Skin', 'Paraben', 'Allergens']"
Dermalogica Skin Prep Scrub,cleansers,"['Good for Sensitive Skin', 'Anti-Aging', 'Good for Dry Skin', 'Fungal Acne Trigger', 'Comedogenic Rating (2)', 'UV Protection', 'Allergens']"
Dove MEN+CARE Deep Clean Body and Face Bar,cleansers,"['UV Protection', 'Sulfate', 'Bad for Oily Skin', 'Good for Dry Skin']"
"Dove MEN + CARE Body and Face Wash, Sensitive Skin",cleansers,['Bad for Oily Skin']
INNISFREE Apple Seed Lip & Eye Make Up Remover,cleansers,"['Bad for Oily Skin', 'Good for Dry Skin', 'Silicone', 'Good for Oily Skin', 'Comedogenic Rating (2)']"
Cetaphil Gentle Cleansing Antibacterial Bar for Skin,cleansers,"['Fungal Acne Trigger', 'Bad for Oily Skin', 'UV Protection']"
Safi Dermasafe Gentle Care Mousse Cleanser,cleansers,"['Good for Sensitive Skin', 'Anti-Aging', 'Acne-Fighting', 'Good for Dry Skin']"
CosRX One Step Green Hero Calming Pad,cleansers,"['Promotes Wound Healing', 'Anti-Aging', 'Good for Dry Skin', 'Fungal Acne Trigger', 'Bad for Sensitive Skin', 'Good for Oily Skin']"
LUSH Herbalism,cleansers,"['Good for Sensitive Skin', 'Bad for Sensitive Skin', 'Good for Dry Skin']"
Dermalogica Clear Start Breakout Clearing Foaming Wash,cleansers,"['Acne-Fighting', 'Good for Dry Skin', 'Fungal Acne Trigger', 'Bad for Sensitive Skin', 'Good for Oily Skin']"
Olay Regenerist Luminous Brightening Foaming Cleanser,cleansers,"['Bad for Oily Skin', 'Anti-Aging', 'Good for Dry Skin', 'Fungal Acne Trigger', 'Brightening']"
Olay Regenerist Luminous Foaming Cleanser,cleansers,"['Bad for Oily Skin', 'Anti-Aging', 'Good for Dry Skin', 'Fungal Acne Trigger', 'Brightening']"
Olay Regenerist Luminous Brightening Cream Cleanser,cleansers,"['Bad for Oily Skin', 'Anti-Aging', 'Good for Dry Skin', 'Brightening', 'Comedogenic Rating (2)']"
Dermalogica Multivitamin Thermafoliant,cleansers,"['Promotes Wound Healing', 'Acne-Fighting', 'Anti-Aging', 'Fungal Acne Trigger', 'Good for Oily Skin', 'Allergens']"
Dove MEN+CARE Extra Fresh Body and Face Bar,cleansers,"['UV Protection', 'Sulfate', 'Bad for Oily Skin', 'Good for Dry Skin']"
Clinique Acne Solutions Cleansing Bar for Face and Body,cleansers,"['Acne-Fighting', 'Bad for Oily Skin', 'Good for Dry Skin', 'Fungal Acne Trigger', 'UV Protection']"
Dermalogica Daily Clean Scrub,cleansers,"['Promotes Wound Healing', 'Acne-Fighting', 'Allergens', 'Anti-Aging', 'Bad for Oily Skin', 'Good for Dry Skin', 'Fungal Acne Trigger', 'Bad for Sensitive Skin', 'UV Protection', 'Comedogenic Rating (2)']"
Sebamed Liquid Face and Body Wash,cleansers,"['Sulfate', 'Promotes Wound Healing', 'Bad for Oily Skin', 'Good for Dry Skin', 'Fungal Acne Trigger', 'Good for Oily Skin', 'Brightening']"
St. Ives Oatmeal Gentle Smoothing Scrub & Mask,cleansers,"['UV Protection', 'Anti-Aging', 'Good for Dry Skin']"
Clinique Rinse-Off Foaming Cleanser,cleansers,"['Fungal Acne Trigger', 'Promotes Wound Healing', 'Good for Dry Skin']"
Cetaphil Gentle Cleansing Bar for Skin,cleansers,"['Fungal Acne Trigger', 'Bad for Oily Skin', 'UV Protection']"
Fancl Mild Cleansing Oil,cleansers,"['Fungal Acne Trigger', 'Anti-Aging', 'Silicone']"
Bioderma Sensibio H2O,cleansers,['Good for Dry Skin']
Pyunkang Yul Cleansing Foam,cleansers,"['Fungal Acne Trigger', 'Bad for Oily Skin', 'Good for Dry Skin']"
Shiseido Future Solution LX Extra Rich Cleansing Foam,cleansers,"['Bad for Oily Skin', 'Anti-Aging', 'Good for Dry Skin', 'Fungal Acne Trigger', 'Allergens']"
Estee Lauder Perfectly Clean Multi-Action Foam Cleanser/Purifying Mask,cleansers,"['Fungal Acne Trigger', 'Promotes Wound Healing', 'Bad for Oily Skin', 'Good for Dry Skin']"
Neutrogena Body Clear Body Scrub,cleansers,"['Good for Sensitive Skin', 'Sulfate', 'Acne-Fighting', 'Anti-Aging', 'Good for Dry Skin', 'Fungal Acne Trigger']"
Bioderma Sensibio Foaming Gel,cleansers,"['Fungal Acne Trigger', 'Anti-Aging']"
Clinique 7 Day Scrub Cream Rinse-Off Formula,cleansers,"['Bad for Oily Skin', 'Good for Dry Skin', 'Fungal Acne Trigger', 'Paraben', 'Brightening', 'Comedogenic Rating (2)']"
Olay Pro-X Exfoliating Renewal Cleanser,cleansers,"['Fungal Acne Trigger', 'Anti-Aging', 'Good for Dry Skin']"
"Neutrogena The Transparent Facial Bar, Acne-Prone Skin Formula",cleansers,"['Bad for Oily Skin', 'Comedogenic Rating (2)', 'Good for Dry Skin', 'Anti-Aging']"
Banila Co. Clean It Zero Radiance,cleansers,"['Anti-Aging', 'Good for Dry Skin', 'Fungal Acne Trigger', 'Paraben', 'Comedogenic Rating (2)']"
Vanicream Gentle Facial Cleanser for Sensitive Skin,cleansers,['Good for Dry Skin']
The Body Shop Tea Tree 3 in 1 Wash Scrub Mask,cleansers,"['Acne-Fighting', 'Anti-Aging', 'Bad for Oily Skin', 'Good for Dry Skin', 'Bad for Dry Skin', 'Fungal Acne Trigger', 'Bad for Sensitive Skin', 'UV Protection', 'Comedogenic Rating (2)']"
"Neutrogena Transparent Facial Bar, Face Wash & Cleanser Original",cleansers,"['Anti-Aging', 'Comedogenic Rating (2)', 'Good for Dry Skin']"
Aveeno Positively Radiant Skin Brightening Daily Scrub,cleansers,"['Fungal Acne Trigger', 'Bad for Oily Skin', 'Paraben', 'Good for Dry Skin']"
Neutrogena Oil-Free Cleansing Wipes-Pink Grapefruit,cleansers,"['Bad for Dry Skin', 'Good for Oily Skin', 'Acne-Fighting', 'Good for Dry Skin']"
Atomy Foam Cleanser,cleansers,"['Good for Sensitive Skin', 'Bad for Oily Skin', 'Anti-Aging', 'Good for Dry Skin', 'Fungal Acne Trigger', 'Paraben']"
Estee Lauder Advanced Night Micro Cleansing Balm,cleansers,"['Promotes Wound Healing', 'Bad for Oily Skin', 'Allergens', 'Anti-Aging']"
belif Crystal cleansing foam fresh,cleansers,"['Promotes Wound Healing', 'Bad for Oily Skin', 'Allergens', 'Good for Dry Skin']"
MUJI Oil Cleansing (Sensitive Skin Series),cleansers,"['Fungal Acne Trigger', 'Bad for Oily Skin', 'Anti-Aging', 'Good for Dry Skin']"
Neutrogena Skin Detox Clansing Clay Mask 2in1,cleansers,"['Promotes Wound Healing', 'Acne-Fighting', 'Anti-Aging', 'Good for Dry Skin', 'Fungal Acne Trigger']"
DUETUS Face wash,cleansers,"['Promotes Wound Healing', 'Acne-Fighting', 'Anti-Aging', 'Bad for Sensitive Skin', 'Allergens']"
Dr. Barbara Sturm Cleanser,cleansers,"['Good for Sensitive Skin', 'Promotes Wound Healing', 'Acne-Fighting', 'Anti-Aging', 'Allergens']"
Yadah Anti Trouble Bubble Cleanser,cleansers,"['Good for Oily Skin', 'Acne-Fighting', 'Good for Dry Skin']"
Clinique Take the Day Off Cleansing Oil,cleansers,"['Fungal Acne Trigger', 'Anti-Aging', 'Good for Dry Skin']"
Simple Kind to Skin Hydrating Cleansing Oil,cleansers,"['Fungal Acne Trigger', 'Promotes Wound Healing', 'Bad for Oily Skin', 'Anti-Aging']"
St. Ives Calming Chamomile Daily Cleanser,cleansers,"['Good for Sensitive Skin', 'Promotes Wound Healing', 'Anti-Aging', 'Good for Dry Skin']"
Laneige Multi Cleanser_EX,cleansers,"['Fungal Acne Trigger', 'Bad for Oily Skin', 'Good for Oily Skin', 'Good for Dry Skin']"
Laneige Multi Cleanser for All Skin,cleansers,"['Fungal Acne Trigger', 'Bad for Oily Skin', 'Good for Dry Skin']"
KLAIRS Gentle Black Sugar Facial Polish,cleansers,"['Acne-Fighting', 'Bad for Oily Skin', 'Anti-Aging', 'Good for Dry Skin', 'Fungal Acne Trigger', 'Comedogenic Rating (2)']"
SKINFOOD Rice Brightening Cleansing Tissue,cleansers,"['Promotes Wound Healing', 'Bad for Oily Skin', 'Good for Dry Skin']"
SKINFOOD Milk Shake Point Make-Up Remover,cleansers,"['Fungal Acne Trigger', 'Paraben', 'Good for Dry Skin', 'Silicone']"
Dermalogica Travel Size Daily Microfoliant,cleansers,"['Fungal Acne Trigger', 'Anti-Aging', 'Good for Oily Skin', 'Acne-Fighting']"
Mario Badescu Botanical Exfoliating Scrub,cleansers,"['Good for Sensitive Skin', 'Bad for Oily Skin', 'Good for Dry Skin', 'Good for Oily Skin', 'Comedogenic Rating (2)']"
Acne.org Cleanser,cleansers,"['Promotes Wound Healing', 'Good for Dry Skin', 'Fungal Acne Trigger', 'Good for Oily Skin', 'Comedogenic Rating (2)']"
Avene Cold Cream Ultra Rich Cleansing Bar,cleansers,"['Bad for Oily Skin', 'Fungal Acne Trigger', 'Paraben', 'UV Protection', 'Comedogenic Rating (2)']"
Whamisa Organic Flowers Foaming Gel,cleansers,"['Acne-Fighting', 'Bad for Oily Skin', 'Fungal Acne Trigger', 'Good for Oily Skin', 'Comedogenic Rating (2)']"
Nuxe Rve De Miel Facial Cleansing and Make-up Remover Gel,cleansers,"['Fungal Acne Trigger', 'Anti-Aging', 'Good for Oily Skin', 'Good for Dry Skin']"
Dermalogica Travel Size PreCleanse,cleansers,"['Promotes Wound Healing', 'Anti-Aging', 'Fungal Acne Trigger', 'Bad for Sensitive Skin', 'Allergens']"
Drunk Elephant JuJu Bar,cleansers,"['Fungal Acne Trigger', 'UV Protection', 'Comedogenic Rating (2)']"
Youth To The People Kale Spinach Green Tea Age Prevention Cleanser,cleansers,"['Good for Sensitive Skin', 'Fungal Acne Trigger', 'Promotes Wound Healing', 'Anti-Aging']"
"Clean & Clear Makeup Dissolving Facial Cleansing Wipes, Oil-Free",cleansers,"['Fungal Acne Trigger', 'Bad for Sensitive Skin', 'Comedogenic Rating (2)', 'Silicone']"
Korres Greek Yoghurt Foaming Cream Cleanser,cleansers,"['Comedogenic Rating (1)', 'Bad for Oily Skin', 'Good for Dry Skin', 'Fungal Acne Trigger', 'UV Protection', 'Comedogenic Rating (2)']"
Neutrogena Hydro Boost Gentle Cleansing Lotion,cleansers,"['Fungal Acne Trigger', 'Promotes Wound Healing', 'Bad for Oily Skin', 'Good for Dry Skin']"
Aveeno Positively Radiant Daily Cleansing Pads,cleansers,"['Fungal Acne Trigger', 'Anti-Aging', 'Paraben', 'Good for Dry Skin']"
Garden of Eden Rosa T Mild Cleanser,cleansers,"['Good for Sensitive Skin', 'Good for Oily Skin']"
Olay Total Effects Revitalizing Foaming Cleanser,cleansers,"['Bad for Oily Skin', 'Anti-Aging', 'Good for Dry Skin', 'Fungal Acne Trigger', 'Brightening']"
Whamisa Organic Flowers Cleansing Oil,cleansers,"['Fungal Acne Trigger', 'Bad for Sensitive Skin', 'Acne-Fighting', 'Good for Dry Skin']"
Whamisa Organic Flowers Foam Cleansing Cream,cleansers,"['Good for Sensitive Skin', 'Acne-Fighting', 'Bad for Oily Skin', 'Fungal Acne Trigger', 'Good for Oily Skin', 'Comedogenic Rating (2)']"
Biore Skin Care Facial Foam Acne Care,cleansers,"['UV Protection', 'Bad for Oily Skin']"
Clinique For Men Face Soap with Dish,cleansers,"['UV Protection', 'Bad for Oily Skin', 'Good for Dry Skin']"
fresh Soy Face Cleanser,cleansers,"['Good for Sensitive Skin', 'Bad for Oily Skin', 'Anti-Aging', 'Good for Dry Skin', 'Fungal Acne Trigger', 'Paraben']"
Shiseido Pureness Deep Cleansing Foam,cleansers,"['Comedogenic Rating (1)', 'Bad for Oily Skin', 'Good for Dry Skin', 'Fungal Acne Trigger', 'Bad for Sensitive Skin', 'Good for Oily Skin', 'UV Protection']"
derma e Microdermabrasion Scrub With Dead Sea Salt,cleansers,"['Promotes Wound Healing', 'Bad for Oily Skin', 'Anti-Aging', 'Good for Dry Skin', 'Fungal Acne Trigger', 'Bad for Sensitive Skin', 'Comedogenic Rating (2)']"
L'Oreal Paris Revitalift Dermo Expertise Radiant Smoothing Cream Cleanser,cleansers,"['Acne-Fighting', 'Good for Dry Skin', 'Fungal Acne Trigger', 'Paraben', 'Brightening', 'UV Protection', 'Allergens']"
Garnier Nutritioniste The Radiance Renewer Cleansing Gelee,cleansers,"['Acne-Fighting', 'Allergens', 'Bad for Oily Skin', 'Good for Dry Skin', 'Good for Oily Skin', 'Comedogenic Rating (2)']"
"Origins Checks and Balances, Frothy Face Wash",cleansers,"['Good for Sensitive Skin', 'Allergens', 'Good for Dry Skin', 'Fungal Acne Trigger', 'Bad for Sensitive Skin', 'Comedogenic Rating (2)']"
INNISFREE Olive Real Cleansing Foam,cleansers,"['Fungal Acne Trigger', 'Bad for Oily Skin', 'Good for Oily Skin', 'Good for Dry Skin']"
Wardah Perfect Bright Tone Up Micellar Water,cleansers,"['Promotes Wound Healing', 'Good for Dry Skin', 'Good for Oily Skin', 'Brightening', 'Comedogenic Rating (2)']"
Bioderma Sensibio H2O Micellar Water,cleansers,['Good for Dry Skin']
Drunk Elephant Peekee Bar,cleansers,"['UV Protection', 'Comedogenic Rating (2)', 'Good for Dry Skin']"
"Neutrogena The Transparent Facial Bar, Original Formula",cleansers,"['Anti-Aging', 'Comedogenic Rating (2)', 'Good for Dry Skin']"
L'Oreal Paris Revitalift Radiant Smoothing Cream Cleanser,cleansers,"['Acne-Fighting', 'Good for Dry Skin', 'Fungal Acne Trigger', 'Paraben', 'Brightening', 'UV Protection', 'Allergens']"
First Aid Beauty Gentle Cleansing Wipes,cleansers,"['Good for Sensitive Skin', 'Acne-Fighting', 'Good for Dry Skin', 'Good for Oily Skin', 'Brightening']"
THE FACE SHOP Herb Day 365 Cleansing Foam - Acerola,cleansers,"['Bad for Oily Skin', 'Good for Dry Skin']"
Clean & Clear Triple Clear Exfoliating Scrub,cleansers,"['Good for Sensitive Skin', 'Sulfate', 'Acne-Fighting', 'Good for Dry Skin', 'Good for Oily Skin']"
Clinique City Block Purifying Charcoal Cleansing Gel,cleansers,"['Sulfate', 'Anti-Aging', 'Good for Dry Skin']"
Purito Centella Green Level All In One Mild Pad,cleansers,"['Promotes Wound Healing', 'Acne-Fighting', 'Bad for Oily Skin', 'Good for Dry Skin', 'Fungal Acne Trigger', 'Good for Oily Skin']"
"Neutrogena Liquid Facial Cleansing Formula, Fragrance-Free",cleansers,"['Fungal Acne Trigger', 'Comedogenic Rating (2)', 'Good for Dry Skin']"
Bioderma Hydrabio H2O (Micellar Water),cleansers,"['Brightening', 'Anti-Aging', 'Good for Dry Skin']"
The Body Shop Vitamin C Microdermabrasion,cleansers,"['Allergens', 'Bad for Oily Skin', 'Good for Dry Skin', 'Silicone', 'Fungal Acne Trigger', 'Brightening', 'Comedogenic Rating (2)']"
Alba Botanica Acne Dote Face & Body Scrub,cleansers,"['Good for Sensitive Skin', 'Promotes Wound Healing', 'Acne-Fighting', 'Anti-Aging', 'Good for Dry Skin', 'Bad for Sensitive Skin', 'Good for Oily Skin', 'Allergens']"
Shiseido Benefiance Extra Creamy Cleansing Foam,cleansers,"['Promotes Wound Healing', 'Comedogenic Rating (1)', 'Bad for Oily Skin', 'Good for Dry Skin', 'Fungal Acne Trigger']"
"Olay Daily Facials Deeply Clean Wipes, 4-in-1 Water Activated Cloths",cleansers,"['Good for Sensitive Skin', 'Promotes Wound Healing', 'Acne-Fighting', 'Anti-Aging', 'Bad for Oily Skin', 'Good for Dry Skin', 'Paraben', 'Allergens']"
Pond's Cold Cream Cleanser,cleansers,"['Fungal Acne Trigger', 'Comedogenic Rating (2)', 'Paraben']"
Dermalogica Daily Microfoliant,cleansers,"['Acne-Fighting', 'Allergens', 'Anti-Aging', 'Fungal Acne Trigger', 'Good for Oily Skin', 'UV Protection', 'Comedogenic Rating (2)']"
Banila Co. Clean It Zero Classic,cleansers,"['Fungal Acne Trigger', 'Comedogenic Rating (2)', 'Paraben', 'Good for Dry Skin']"
Estee Lauder Perfectly Clean Splash Away Foaming Cleanser,cleansers,"['Promotes Wound Healing', 'Good for Dry Skin', 'Fungal Acne Trigger', 'Bad for Sensitive Skin', 'Comedogenic Rating (2)']"
The Body Shop Vitamin C Facial Cleansing Polish,cleansers,"['Good for Sensitive Skin', 'Bad for Oily Skin', 'Good for Dry Skin', 'Brightening', 'Allergens']"
Neutrogena Fresh Foaming Cleanser,cleansers,"['Fungal Acne Trigger', 'Sulfate', 'Good for Dry Skin']"
Simple Micellar Makeup Remover Wipes,cleansers,"['Promotes Wound Healing', 'Anti-Aging', 'Good for Dry Skin', 'Fungal Acne Trigger', 'Bad for Sensitive Skin', 'Comedogenic Rating (2)']"
SkinCeuticals Clarifying Cleanser,cleansers,"['Fungal Acne Trigger', 'Anti-Aging', 'Comedogenic Rating (2)', 'Acne-Fighting']"
ETUDE HOUSE Baking Powder Pore Cleansing Foam,cleansers,"['Fungal Acne Trigger', 'Bad for Oily Skin', 'Good for Dry Skin']"
Shiseido Perfect Cleansing Oil,cleansers,"['Promotes Wound Healing', 'Anti-Aging', 'Bad for Dry Skin', 'Good for Dry Skin', 'Fungal Acne Trigger']"
Krave Beauty Matcha Hemp Hydrating Cleanser,cleansers,"['Promotes Wound Healing', 'Bad for Oily Skin', 'Anti-Aging', 'Good for Dry Skin', 'Fungal Acne Trigger', 'Good for Oily Skin']"
Purito Defence Barrier Ph Cleanser,cleansers,"['Promotes Wound Healing', 'Acne-Fighting', 'Anti-Aging', 'Good for Dry Skin', 'Good for Oily Skin']"
belif The True Tincture Cleansing Stick - Chamomile,cleansers,"['Good for Sensitive Skin', 'Bad for Oily Skin', 'Anti-Aging', 'Good for Dry Skin', 'Fungal Acne Trigger', 'Bad for Sensitive Skin', 'Allergens']"
Shu Uemura Anti/Oxi+ Pollutant & Dullness Clarifying Cleansing Oil,cleansers,"['Bad for Oily Skin', 'Anti-Aging', 'Good for Dry Skin', 'Fungal Acne Trigger', 'Good for Oily Skin', 'Allergens']"
Kiehl's Epidermal Re-Texturizing Micro-Dermabrasion,cleansers,"['Bad for Oily Skin', 'Good for Dry Skin', 'Silicone', 'Fungal Acne Trigger', 'Bad for Sensitive Skin', 'Paraben', 'Comedogenic Rating (2)']"
LABIOTTE Wine Sherbet Cleanser,cleansers,"['Promotes Wound Healing', 'Bad for Oily Skin', 'Anti-Aging', 'Good for Dry Skin', 'Fungal Acne Trigger', 'Comedogenic Rating (2)']"
Kleveru Sea Buckthorn Cleansing Gel,cleansers,"['Good for Oily Skin', 'Acne-Fighting', 'Good for Dry Skin']"
Purito Centella Green Level Calming Toner,toners,"['Promotes Wound Healing', 'Good for Dry Skin', 'Fungal Acne Trigger', 'Bad for Sensitive Skin', 'Good for Oily Skin']"
Hada Labo Gokujyun Lotion Refill Pouch,toners,"['Paraben', 'Promotes Wound Healing', 'Good for Dry Skin']"
Iunik Tea Tree Relief Toner,toners,"['Good for Sensitive Skin', 'Promotes Wound Healing', 'Acne-Fighting', 'Good for Dry Skin', 'Good for Oily Skin', 'Brightening']"
Olay Oil-Minimizing Toner,toners,"['Fungal Acne Trigger', 'Good for Oily Skin', 'Bad for Dry Skin']"
Laneige Essential Power Skin Refiner_Moisture,toners,"['Promotes Wound Healing', 'Bad for Dry Skin', 'Good for Dry Skin', 'Silicone', 'Fungal Acne Trigger', 'Brightening']"
Clinique Clarifying Lotion 4,toners,"['Promotes Wound Healing', 'Acne-Fighting', 'Bad for Dry Skin', 'Good for Dry Skin', 'UV Protection']"
Pixi Glow Tonic To-Go Pads,toners,"['Good for Sensitive Skin', 'Promotes Wound Healing', 'Anti-Aging', 'Good for Dry Skin', 'Fungal Acne Trigger', 'Good for Oily Skin', 'Comedogenic Rating (2)']"
Purito ABP Triple Synergy Liquid,toners,"['Promotes Wound Healing', 'Acne-Fighting', 'Anti-Aging', 'Good for Dry Skin', 'Fungal Acne Trigger', 'Good for Oily Skin']"
IsNtree Hyaluronic Acid Toner,toners,"['Good for Sensitive Skin', 'Promotes Wound Healing', 'Good for Dry Skin']"
SECRET KEY Aloe Soothing Moist Toner,toners,"['Good for Sensitive Skin', 'Promotes Wound Healing', 'Anti-Aging', 'Good for Dry Skin', 'Fungal Acne Trigger', 'Good for Oily Skin']"
Estee Lauder Perfectly Clean Fresh Balancing Lotion,toners,"['Promotes Wound Healing', 'Anti-Aging', 'Good for Dry Skin', 'Fungal Acne Trigger', 'Good for Oily Skin']"
KLAIRS Supple Preparation Unscented Facial Toner,toners,"['Good for Sensitive Skin', 'Promotes Wound Healing', 'Acne-Fighting', 'Anti-Aging', 'Good for Dry Skin', 'Brightening']"
CosRX Light Fit Real Water Toner to Cream,toners,"['Brightening', 'Promotes Wound Healing', 'Good for Dry Skin', 'Silicone']"
TONYMOLY The Chok Chok Green Tea Watery Skin,toners,"['Bad for Sensitive Skin', 'Good for Oily Skin', 'Bad for Dry Skin', 'Good for Dry Skin']"
BENTON Cacao Moist and Mild Toner,toners,"['Promotes Wound Healing', 'Acne-Fighting', 'Good for Dry Skin']"
Herbivore Botanicals Jasmine Green Tea Balancing Toner,toners,"['Good for Sensitive Skin', 'Good for Oily Skin', 'Acne-Fighting']"
Estee Lauder Nutritious Radiant Vitality Energy Lotion,toners,"['Bad for Dry Skin', 'Promotes Wound Healing', 'Anti-Aging', 'Good for Dry Skin']"
Balea Gesichtswasser Ultra Sensitive,toners,"['Promotes Wound Healing', 'Anti-Aging', 'Good for Dry Skin']"
Cezanne Skin Conditioner High Moist,toners,"['Good for Sensitive Skin', 'Promotes Wound Healing', 'Anti-Aging', 'Good for Dry Skin', 'Good for Oily Skin', 'Paraben']"
"Clean & Clear Essentials Deep Cleaning Toner, Sensitive Skin",toners,"['Good for Sensitive Skin', 'Acne-Fighting', 'Bad for Dry Skin', 'Good for Dry Skin', 'UV Protection']"
Shiseido Future Solution LX Concentrated Balancing Softener,toners,"['Anti-Aging', 'Bad for Dry Skin', 'Good for Dry Skin', 'Fungal Acne Trigger', 'Silicone', 'Good for Oily Skin', 'Allergens']"
ACWELL Licorice PH Balancing Cleansing Toner,toners,"['Fungal Acne Trigger', 'Anti-Aging', 'Good for Oily Skin', 'Acne-Fighting']"
Hada Labo Super Hyaluronic Acid Hydrating Lotion Light,toners,"['Paraben', 'Promotes Wound Healing', 'Good for Dry Skin']"
Hada Labo Japan Skin Institute Gokujun Premium Hyaluronic Solution,toners,"['Paraben', 'Promotes Wound Healing', 'Good for Dry Skin']"
Neutrogena Clear Pore Oil-Eliminating Astringent,toners,"['Good for Sensitive Skin', 'Acne-Fighting', 'Bad for Dry Skin', 'Good for Dry Skin', 'Good for Oily Skin', 'UV Protection']"
So Cool So Me 3Week Skin Solution Power Magic Toner,toners,"['Promotes Wound Healing', 'Anti-Aging', 'Good for Dry Skin', 'Good for Oily Skin', 'Brightening']"
Biologique Recherche Lotion P50W (Phenol-Free),toners,"['Acne-Fighting', 'Anti-Aging', 'Good for Dry Skin', 'Good for Oily Skin', 'Brightening']"
Ren Ready Steady Glow Daily AHA Tonic,toners,"['Bad for Sensitive Skin', 'Anti-Aging', 'Allergens', 'Acne-Fighting']"
Round Lab 1025 Dokdo Toner,toners,"['Promotes Wound Healing', 'Bad for Oily Skin', 'Good for Oily Skin', 'Good for Dry Skin']"
HALE. Stay Toned Balancing Essence Toner,toners,"['Good for Sensitive Skin', 'Promotes Wound Healing', 'Acne-Fighting', 'Anti-Aging', 'Good for Dry Skin', 'Brightening']"
Estee Lauder Perfectly Clean Multi-Action Toning Lotion/Refiner,toners,"['Promotes Wound Healing', 'Anti-Aging', 'Bad for Dry Skin', 'Good for Dry Skin', 'Fungal Acne Trigger']"
MUJI Light Toning Water High Moisture,toners,"['Promotes Wound Healing', 'Anti-Aging', 'Good for Oily Skin', 'Good for Dry Skin']"
Thayers Witch Hazel Aloe Vera Formula Rose Petal ,toners,"['Anti-Aging', 'Good for Oily Skin']"
Whamisa Organic Seeds Peeling Finger Mitt : Pore Care,toners,"['Promotes Wound Healing', 'Acne-Fighting', 'Bad for Oily Skin', 'Anti-Aging', 'Good for Dry Skin']"
SECRET KEY Milk Brightening Toner,toners,"['Fungal Acne Trigger', 'Good for Oily Skin', 'Good for Dry Skin']"
Dermalogica Antioxidant Hydramist,toners,"['Good for Sensitive Skin', 'Anti-Aging', 'Good for Dry Skin', 'Fungal Acne Trigger', 'Good for Oily Skin', 'Brightening', 'Allergens']"
Dermalogica Gentle Soothing Booster,toners,"['Good for Sensitive Skin', 'UV Protection', 'Paraben', 'Good for Dry Skin']"
Thayers Alcohol-Free Unscented Witch Hazel Toner,toners,"['Good for Sensitive Skin', 'Anti-Aging']"
SECRET KEY Tea Tree Refresh Calming Toner,toners,"['Good for Sensitive Skin', 'Good for Oily Skin', 'Acne-Fighting', 'Bad for Dry Skin']"
Shiseido Benefiance WrinkleResist24 Balancing Softener Enriched,toners,"['Anti-Aging', 'Bad for Dry Skin', 'Good for Dry Skin', 'UV Protection', 'Allergens']"
THE FACE SHOP Chia Seed Soothing Mist Toner,toners,"['Good for Sensitive Skin', 'Promotes Wound Healing', 'Good for Dry Skin', 'Silicone', 'Fungal Acne Trigger']"
Nakeup Face Stress Zero Toner,toners,"['Good for Sensitive Skin', 'Promotes Wound Healing', 'Good for Oily Skin']"
Indie Lee CoQ-10 Toner,toners,"['Good for Sensitive Skin', 'Bad for Sensitive Skin', 'Promotes Wound Healing', 'Anti-Aging']"
The Body Shop British Rose Petal Soft Gel Toner,toners,"['Good for Sensitive Skin', 'Promotes Wound Healing', 'Anti-Aging', 'Good for Dry Skin', 'Fungal Acne Trigger', 'Allergens']"
Bioderma Sébium Lotion,toners,"['Fungal Acne Trigger', 'Acne-Fighting', 'Good for Dry Skin']"
ALWAYS BE PURE Forest Therapy Ultra Calming Toner,toners,"['Good for Sensitive Skin', 'Promotes Wound Healing', 'Acne-Fighting', 'Anti-Aging', 'Good for Dry Skin', 'Good for Oily Skin', 'Brightening']"
Haruharu Wonder Black Rice Hyaluronic Toner,toners,"['Promotes Wound Healing', 'Bad for Dry Skin', 'Good for Dry Skin', 'Fungal Acne Trigger', 'Bad for Sensitive Skin']"
CosRX Hydrium Watery Toner,toners,"['Promotes Wound Healing', 'Good for Oily Skin', 'Good for Dry Skin']"
MISSHA Time Revolution White Cure Blanc Tone-Up Lotion,toners,"['Good for Sensitive Skin', 'Comedogenic Rating (1)', 'Allergens', 'Anti-Aging', 'Good for Dry Skin', 'Silicone', 'Fungal Acne Trigger', 'Brightening', 'Comedogenic Rating (2)']"
Iunik Vitamin Hyaluronic Acid Vitalizing Toner,toners,"['Brightening', 'Promotes Wound Healing', 'Acne-Fighting', 'Good for Dry Skin']"
Hada Labo Gokujyun Lotion Light,toners,"['Paraben', 'Promotes Wound Healing', 'Good for Dry Skin']"
Laneige Essential Power Skin Refiner_Light,toners,"['Promotes Wound Healing', 'Bad for Dry Skin', 'Good for Dry Skin', 'Silicone', 'Fungal Acne Trigger', 'Brightening']"
Hada Labo Goku-jyun Light Lotion,toners,"['Paraben', 'Bad for Dry Skin', 'Promotes Wound Healing', 'Good for Dry Skin']"
Whamisa Organic Flowers Deep Rich Essence Toner,toners,"['Good for Sensitive Skin', 'Acne-Fighting', 'Good for Dry Skin', 'Fungal Acne Trigger', 'Bad for Sensitive Skin']"
ETUDE HOUSE Soonjung pH 5.5 Relief Toner,toners,"['Promotes Wound Healing', 'Good for Oily Skin', 'Good for Dry Skin']"
Purito Centella Green Level All In One Mild Pad,toners,"['Promotes Wound Healing', 'Acne-Fighting', 'Bad for Oily Skin', 'Good for Dry Skin', 'Fungal Acne Trigger', 'Good for Oily Skin']"
Laneige Cream Skin Toner & Moisturizer,toners,"['Fungal Acne Trigger', 'Anti-Aging', 'Good for Oily Skin', 'Good for Dry Skin']"
IsNtree Green Tea Fresh Toner,toners,"['Promotes Wound Healing', 'Good for Oily Skin', 'Acne-Fighting', 'Good for Dry Skin']"
Bioderma Hydrabio Tonique,toners,"['Anti-Aging', 'Good for Dry Skin', 'Fungal Acne Trigger', 'Good for Oily Skin', 'Brightening']"
Hada Labo Shirojyun Lotion,toners,"['Paraben', 'Brightening', 'Promotes Wound Healing', 'Good for Dry Skin']"
IT'S SKIN Collagen Nutrition Toner 150ml,toners,"['Anti-Aging', 'Good for Dry Skin', 'Silicone', 'Fungal Acne Trigger', 'Bad for Dry Skin', 'Brightening', 'UV Protection', 'Comedogenic Rating (2)']"
KLAIRS Supple Preparation Unscented Toner,toners,"['Good for Sensitive Skin', 'Promotes Wound Healing', 'Acne-Fighting', 'Anti-Aging', 'Good for Dry Skin', 'Brightening']"
Skin 1004 Madagascar Centella Asiatica Toner,toners,"['Brightening', 'Promotes Wound Healing', 'Anti-Aging']"
CosRX AHA BHA Vitamin C Daily Toner,toners,"['Promotes Wound Healing', 'Acne-Fighting', 'Anti-Aging', 'Good for Dry Skin', 'Good for Oily Skin', 'Brightening']"
CosRX Full Fit Propolis Synergy Toner,toners,"['Fungal Acne Trigger', 'Promotes Wound Healing', 'Good for Dry Skin']"
Human Heart Nature Hydrating Face Toner,toners,"['Anti-Aging', 'Good for Dry Skin']"
Mamonde Rose Water Toner,toners,"['Fungal Acne Trigger', 'Good for Dry Skin']"
Laneige Water Bank Mineral Skin Mist 60ml,toners,"['Good for Sensitive Skin', 'Promotes Wound Healing', 'Good for Dry Skin', 'Fungal Acne Trigger', 'Good for Oily Skin']"
Arcona Triad Pads,toners,"['Allergens', 'Anti-Aging', 'Good for Oily Skin', 'Bad for Dry Skin']"
Sioris Feel So Fresh Toner,toners,"['Good for Sensitive Skin', 'Promotes Wound Healing', 'Good for Oily Skin', 'Acne-Fighting']"
INNISFREE Orchid Skin,toners,"['Anti-Aging', 'Bad for Dry Skin', 'Good for Dry Skin', 'Silicone', 'Fungal Acne Trigger', 'Good for Oily Skin', 'Brightening']"
Jumiso Yes I Am Toner AHA 5%,toners,"['Promotes Wound Healing', 'Anti-Aging', 'Good for Dry Skin', 'Fungal Acne Trigger', 'Good for Oily Skin']"
SheaMoisture African Black Soap Problem Skin Toner,toners,"['Good for Sensitive Skin', 'Brightening', 'Acne-Fighting', 'Good for Dry Skin']"
Naruko Taiwan Magnolia Brightening and Firming Toner EX,toners,"['Good for Sensitive Skin', 'Promotes Wound Healing', 'Acne-Fighting', 'Good for Dry Skin', 'Good for Oily Skin', 'Brightening', 'Comedogenic Rating (2)']"
TIA'M My Signature Vita B5 Toner,toners,"['Promotes Wound Healing', 'Anti-Aging', 'Good for Dry Skin']"
INNISFREE Green Tea Seed Skin,toners,"['Promotes Wound Healing', 'Anti-Aging', 'Good for Dry Skin', 'Fungal Acne Trigger', 'Good for Oily Skin']"
Zeroid Pimprove Toner,toners,"['Promotes Wound Healing', 'Anti-Aging', 'Good for Dry Skin']"
Dickinson's Enhanced Witch Hazel Hydrating Toner - Alcohol Free,toners,"['Fungal Acne Trigger', 'Promotes Wound Healing', 'Anti-Aging', 'Good for Sensitive Skin']"
Chica Y Chico Skin Texture Toner,toners,"['Promotes Wound Healing', 'Anti-Aging', 'Good for Dry Skin', 'Fungal Acne Trigger', 'Good for Oily Skin', 'Brightening']"
Heimish Refresh Water,toners,"['Good for Sensitive Skin', 'Promotes Wound Healing', 'Acne-Fighting', 'Good for Dry Skin', 'Bad for Dry Skin', 'Fungal Acne Trigger', 'Bad for Sensitive Skin']"
Laneige Fresh Calming Toner,toners,['Good for Dry Skin']
MISSHA Super Aqua Skin Smooth Peeling Toner,toners,"['Good for Sensitive Skin', 'Promotes Wound Healing', 'Acne-Fighting', 'Anti-Aging', 'Bad for Dry Skin', 'Good for Dry Skin', 'Fungal Acne Trigger']"
Aubree Botanical Calendula Toner,toners,"['Good for Sensitive Skin', 'Promotes Wound Healing', 'Good for Dry Skin', 'Fungal Acne Trigger', 'Good for Oily Skin']"
T.N. Dickinson's Witch Hazel Astringent,toners,['']
Kiku-Masamune Sake Brewing Skin Care Lotion,toners,"['Anti-Aging', 'Good for Dry Skin', 'Bad for Dry Skin', 'Fungal Acne Trigger', 'Paraben', 'Brightening']"
Celepiderme Hug Your Skin Moisture Toner,toners,"['Good for Sensitive Skin', 'Promotes Wound Healing', 'Acne-Fighting', 'Anti-Aging', 'Bad for Oily Skin', 'Good for Dry Skin', 'Good for Oily Skin', 'Brightening']"
Bonajour Eggplant Daily BHA Toner,toners,"['Fungal Acne Trigger', 'Anti-Aging', 'Acne-Fighting', 'Good for Dry Skin']"
HOLIKA HOLIKA Less On Skin Toner,toners,"['Promotes Wound Healing', 'Good for Dry Skin']"
Tarte Knockout Tingling Treatment,toners,"['Acne-Fighting', 'Bad for Oily Skin', 'Anti-Aging', 'Good for Dry Skin', 'Brightening']"
Nip + Fab Glycolic Fix Liquid Glow,toners,"['Promotes Wound Healing', 'Acne-Fighting', 'Anti-Aging', 'Good for Dry Skin', 'Fungal Acne Trigger', 'Good for Oily Skin', 'Brightening', 'Allergens']"
Skin Watchers Brightening Flower Toner,toners,"['Promotes Wound Healing', 'Acne-Fighting', 'Good for Dry Skin', 'Good for Oily Skin', 'Brightening']"
Origins GinZing Energy-Boosting Treatment Lotion Mist,toners,"['Promotes Wound Healing', 'Allergens', 'Anti-Aging', 'Good for Dry Skin', 'Bad for Dry Skin', 'Fungal Acne Trigger', 'Bad for Sensitive Skin', 'Good for Oily Skin', 'Brightening', 'Comedogenic Rating (2)']"
Neutrogena Deep Clean Blackhead Eliminating Toner,toners,"['Acne-Fighting', 'Anti-Aging', 'Good for Dry Skin', 'Bad for Dry Skin', 'Bad for Sensitive Skin', 'Brightening']"
Purito Centella Unscented Toner,toners,"['Promotes Wound Healing', 'Good for Oily Skin', 'Good for Dry Skin']"
Whamisa Organic Flowers Olive Leaf Mist,toners,"['Promotes Wound Healing', 'Acne-Fighting', 'Bad for Dry Skin', 'Bad for Sensitive Skin', 'Good for Oily Skin', 'Allergens']"
Whamisa Organic Flowers Damask Rose Petal Mist,toners,"['Good for Sensitive Skin', 'Bad for Sensitive Skin', 'Acne-Fighting', 'Bad for Dry Skin']"
Clinique Clarifying Lotion 3,toners,"['Promotes Wound Healing', 'Acne-Fighting', 'Anti-Aging', 'Good for Dry Skin', 'Bad for Dry Skin', 'UV Protection']"
NATURE REPUBLIC Soothing & Moisture Aloe Vera 92% Soothing Gel Mist,toners,"['Good for Sensitive Skin', 'Promotes Wound Healing', 'Bad for Dry Skin', 'Good for Dry Skin', 'Fungal Acne Trigger', 'Comedogenic Rating (2)']"
Avene Thermal Spring Water,toners,['']
Estee Lauder Soft Clean Silky Hydrating Lotion,toners,"['Promotes Wound Healing', 'Comedogenic Rating (1)', 'Bad for Oily Skin', 'Good for Dry Skin', 'Fungal Acne Trigger', 'Paraben']"
"Mario Badescu Facial Spray with Aloe, Herbs, and Rosewater",toners,"['Good for Sensitive Skin', 'Good for Dry Skin', 'Fungal Acne Trigger', 'Comedogenic Rating (2)', 'Allergens']"
The Body Shop Tea Tree Skin Clearing Toner,toners,"['Acne-Fighting', 'Anti-Aging', 'Good for Dry Skin', 'Bad for Dry Skin', 'Fungal Acne Trigger', 'Good for Oily Skin', 'Allergens']"
Shiseido White Lucent Brightening Balancing Softener Enriched W,toners,"['Promotes Wound Healing', 'Anti-Aging', 'Bad for Dry Skin', 'Good for Dry Skin', 'Fungal Acne Trigger', 'Brightening']"
Mario Badescu Keratoplast Cleansing Lotion,toners,"['Bad for Oily Skin', 'Good for Dry Skin', 'Fungal Acne Trigger', 'Paraben', 'Comedogenic Rating (2)']"
Avene Cleanance Mat Mattifying Toner,toners,"['Fungal Acne Trigger', 'Comedogenic Rating (2)', 'Acne-Fighting', 'Bad for Dry Skin']"
Hada Labo Gokujyun Lotion,toners,"['Paraben', 'Promotes Wound Healing', 'Good for Dry Skin']"
ETUDE HOUSE Honey Cera Toner,toners,"['Promotes Wound Healing', 'Comedogenic Rating (1)', 'Bad for Oily Skin', 'Anti-Aging', 'Good for Dry Skin', 'Bad for Dry Skin', 'Fungal Acne Trigger', 'Silicone', 'Comedogenic Rating (2)']"
ETUDE HOUSE Soon Jung PH 5.5 Relief Toner 80ml,toners,"['Promotes Wound Healing', 'Good for Oily Skin', 'Good for Dry Skin']"
KLAIRS Supple Preparation Facial Toner,toners,"['Good for Sensitive Skin', 'Promotes Wound Healing', 'Acne-Fighting', 'Anti-Aging', 'Good for Dry Skin', 'Bad for Sensitive Skin', 'Brightening']"
TIA'M Vita B3 Source,serums,"['Brightening', 'Promotes Wound Healing', 'Good for Oily Skin', 'Good for Dry Skin']"
The Ordinary Amino Acids + B5,serums,"['Fungal Acne Trigger', 'Promotes Wound Healing', 'Anti-Aging', 'Good for Dry Skin']"
Iunik Black Snail Restore Serum Repair Ampoule,serums,"['Promotes Wound Healing', 'Acne-Fighting', 'Anti-Aging', 'Good for Dry Skin', 'Fungal Acne Trigger', 'Good for Oily Skin', 'Brightening']"
The Ordinary Resveratrol 3% + Ferulic Acid 3%,serums,['Anti-Aging']
Paula's Choice 10% Azelaic Acid Booster,serums,"['Acne-Fighting', 'Anti-Aging', 'Good for Dry Skin', 'Silicone', 'Fungal Acne Trigger', 'Good for Oily Skin', 'Brightening', 'Comedogenic Rating (2)']"
Laneige White Dew Original Ampoule Essence,serums,"['Promotes Wound Healing', 'Bad for Dry Skin', 'Good for Dry Skin', 'Fungal Acne Trigger', 'Silicone', 'Good for Oily Skin', 'Brightening']"
Peach & Lily Glass Skin Refining Serum,serums,"['Brightening', 'Promotes Wound Healing', 'Anti-Aging', 'Good for Dry Skin']"
Neutrogena Ageless Intensives Deep Wrinkle Anti-Wrinkle Serum,serums,"['Comedogenic Rating (1)', 'Acne-Fighting', 'Anti-Aging', 'Good for Dry Skin', 'Silicone', 'Brightening']"
A'pieu Madecassoside Ampoule,serums,['Promotes Wound Healing']
Purito Fermented Complex 94 Boosting Essence,serums,"['Promotes Wound Healing', 'Anti-Aging', 'Good for Dry Skin', 'Good for Oily Skin', 'Brightening']"
Olay Regenerist Filling & Sealing Wrinkle Treatment,serums,"['Anti-Aging', 'Good for Dry Skin', 'Silicone', 'Fungal Acne Trigger', 'UV Protection', 'Comedogenic Rating (2)']"
IsNtree Hyaluronic Acid Water Essence,serums,"['Brightening', 'Promotes Wound Healing', 'Anti-Aging', 'Good for Dry Skin']"
Kleveru Glass Skin Overnight Serum,serums,"['Good for Sensitive Skin', 'Promotes Wound Healing', 'Acne-Fighting', 'Anti-Aging', 'Good for Dry Skin']"
Shiseido Benefiance Energizing Essence,serums,"['Promotes Wound Healing', 'Bad for Dry Skin', 'Good for Dry Skin', 'Paraben', 'Brightening', 'UV Protection']"
AmorePacific Moisture Bound Rejuvenating Serum,serums,"['Promotes Wound Healing', 'Comedogenic Rating (1)', 'Bad for Oily Skin', 'Anti-Aging', 'Good for Dry Skin', 'Silicone', 'Fungal Acne Trigger', 'Bad for Dry Skin', 'Good for Oily Skin', 'Brightening', 'Comedogenic Rating (2)']"
Shiseido Bio-Performance Super Refining Essence,serums,"['Anti-Aging', 'Bad for Dry Skin', 'Good for Dry Skin', 'Silicone', 'Fungal Acne Trigger', 'Brightening', 'Allergens']"
"Origins A Perfect World, White Tea Skin Guardian",serums,"['Good for Dry Skin', 'Silicone', 'Bad for Sensitive Skin', 'Good for Oily Skin', 'Paraben', 'Brightening', 'Allergens']"
MANYO FACTORY Bifida Complex Ampoule,serums,"['Promotes Wound Healing', 'Anti-Aging', 'Good for Dry Skin', 'Bad for Sensitive Skin', 'Brightening']"
SkinCeuticals C E Ferulic Serum,serums,"['Promotes Wound Healing', 'Anti-Aging', 'Bad for Oily Skin', 'Good for Dry Skin', 'Brightening', 'Comedogenic Rating (2)']"
Superdrug Simply Pure Hydrating Serum,serums,"['Promotes Wound Healing', 'Anti-Aging', 'Good for Dry Skin', 'Fungal Acne Trigger', 'Good for Oily Skin']"
Cos de Baha Niacinamide 10 Serum,serums,"['Good for Sensitive Skin', 'Promotes Wound Healing', 'Good for Dry Skin', 'Bad for Sensitive Skin', 'Good for Oily Skin', 'Brightening']"
Ilia True Skin Serum Foundation,serums,"['Good for Sensitive Skin', 'Promotes Wound Healing', 'Comedogenic Rating (1)', 'Anti-Aging', 'Bad for Oily Skin', 'Good for Dry Skin', 'Silicone', 'Fungal Acne Trigger', 'Brightening', 'UV Protection']"
Estee Lauder Re-Nutriv Ultimate Lift Age Correcting Serum,serums,"['Promotes Wound Healing', 'Comedogenic Rating (1)', 'Allergens', 'Anti-Aging', 'Bad for Oily Skin', 'Good for Dry Skin', 'Silicone', 'Fungal Acne Trigger', 'Brightening', 'UV Protection', 'Comedogenic Rating (2)']"
Hanasui Cosmetics Bright Up Serum,serums,"['Promotes Wound Healing', 'Acne-Fighting', 'Anti-Aging', 'Good for Dry Skin', 'Good for Oily Skin', 'Brightening', 'Comedogenic Rating (2)']"
Naruko Raw Job’s Tears Supercritical CO2 Pore Minimizing & Brightening Essence,serums,"['Good for Sensitive Skin', 'Promotes Wound Healing', 'Acne-Fighting', 'Anti-Aging', 'Good for Dry Skin', 'Bad for Dry Skin', 'Fungal Acne Trigger', 'Brightening']"
CosRX Full Fit Propolis Light Ampoule,serums,"['Promotes Wound Healing', 'Good for Dry Skin']"
Paula's Choice CLINICAL 1% Retinol Treatment,serums,"['Promotes Wound Healing', 'Acne-Fighting', 'Anti-Aging', 'Good for Dry Skin', 'Silicone', 'Fungal Acne Trigger', 'Bad for Sensitive Skin', 'Good for Oily Skin']"
THE FACE SHOP Dr. Belmeur Clarifying Spot Calming Ampoule,serums,"['Promotes Wound Healing', 'Acne-Fighting', 'Good for Dry Skin', 'Bad for Dry Skin', 'Fungal Acne Trigger', 'Bad for Sensitive Skin', 'Brightening']"
Drunk Elephant D-Bronzi Anti-Pollution Sunshine Serum,serums,"['Sulfate', 'Comedogenic Rating (1)', 'Anti-Aging', 'Good for Dry Skin', 'Fungal Acne Trigger', 'Good for Oily Skin', 'Comedogenic Rating (2)']"
Hada Labo Lotion No.1 Super Hydrator,serums,"['Promotes Wound Healing', 'Anti-Aging', 'Good for Dry Skin']"
Origins Plantscription Anti-Aging Power Serum,serums,"['Promotes Wound Healing', 'Allergens', 'Anti-Aging', 'Bad for Oily Skin', 'Good for Dry Skin', 'Silicone', 'Bad for Sensitive Skin', 'Comedogenic Rating (2)']"
IT'S SKIN Hyaluronic Acid Serum,serums,"['Promotes Wound Healing', 'Good for Dry Skin', 'Silicone', 'Fungal Acne Trigger', 'Comedogenic Rating (2)']"
Shiseido Bio-Performance Super Corrective Serum,serums,"['Comedogenic Rating (1)', 'Anti-Aging', 'Good for Dry Skin', 'Silicone', 'Fungal Acne Trigger', 'UV Protection', 'Allergens']"
Trader Joe's Nourish Hyaluronic Moisture Boost Serum,serums,['Promotes Wound Healing']
The Inkey List Retinol Serum,serums,"['Promotes Wound Healing', 'Comedogenic Rating (1)', 'Acne-Fighting', 'Anti-Aging', 'Good for Dry Skin', 'Silicone', 'Fungal Acne Trigger']"
Krave Beauty Kale-Lalu-Yaha,serums,"['Good for Sensitive Skin', 'Promotes Wound Healing', 'Acne-Fighting', 'Anti-Aging', 'Good for Dry Skin', 'Fungal Acne Trigger', 'Good for Oily Skin']"
Paula's Choice SKIN RECOVERY Super Concentrate Serum,serums,"['Good for Sensitive Skin', 'Promotes Wound Healing', 'Acne-Fighting', 'Anti-Aging', 'Bad for Oily Skin', 'Good for Dry Skin', 'Silicone', 'Fungal Acne Trigger', 'Bad for Dry Skin', 'Brightening']"
Clinique Acne Solutions Clinical Clearing Gel,serums,"['Acne-Fighting', 'Good for Dry Skin']"
Bougas Advanced serum,serums,"['Comedogenic Rating (2)', 'Good for Dry Skin']"
LEADERS Brightening Recovery Mask,serums,"['Good for Sensitive Skin', 'Promotes Wound Healing', 'Bad for Dry Skin', 'Good for Dry Skin', 'Fungal Acne Trigger', 'Brightening']"
Nakeup Face PHA Water Tox Ampoule,serums,"['Comedogenic Rating (1)', 'Acne-Fighting', 'Anti-Aging', 'Good for Dry Skin', 'Fungal Acne Trigger']"
Laneige Clear C Advanced Effector,serums,"['Anti-Aging', 'Bad for Dry Skin', 'Good for Dry Skin', 'Fungal Acne Trigger', 'Brightening']"
Peter Thomas Roth Water Drench Hyaluronic Cloud Serum,serums,"['Paraben', 'Promotes Wound Healing', 'Good for Dry Skin']"
The Inkey List Hyaluronic Acid Serum,serums,"['Fungal Acne Trigger', 'Promotes Wound Healing', 'Good for Dry Skin']"
CosRX Triple C Lightning Liquid,serums,"['Promotes Wound Healing', 'Acne-Fighting', 'Good for Dry Skin', 'Good for Oily Skin', 'Brightening']"
Avoskin Miraculous Refining Serum,serums,"['Good for Sensitive Skin', 'Comedogenic Rating (1)', 'Acne-Fighting', 'Bad for Oily Skin', 'Anti-Aging', 'Good for Dry Skin', 'Silicone', 'Brightening', 'Comedogenic Rating (2)']"
Skintegra Spectra,serums,"['Promotes Wound Healing', 'Bad for Oily Skin', 'Anti-Aging', 'Good for Dry Skin', 'Fungal Acne Trigger', 'Good for Oily Skin']"
Marie Veronique Soothing B3 Serum,serums,"['Promotes Wound Healing', 'Acne-Fighting', 'Anti-Aging', 'Good for Dry Skin', 'Brightening']"
IT'S SKIN Power 10 Formula VE Effector,serums,"['Promotes Wound Healing', 'Bad for Oily Skin', 'Anti-Aging', 'Good for Dry Skin', 'Silicone', 'Comedogenic Rating (2)']"
Cos de Baha Retinol 2.5% Serum + Vitamin E,serums,"['Good for Sensitive Skin', 'Promotes Wound Healing', 'Acne-Fighting', 'Bad for Oily Skin', 'Anti-Aging', 'Good for Dry Skin', 'Silicone', 'Fungal Acne Trigger', 'Good for Oily Skin', 'Brightening', 'Comedogenic Rating (2)']"
Medik8 HYDR8 B5 Liquid Rehydration Serum,serums,"['Promotes Wound Healing', 'Anti-Aging']"
First Aid Beauty 5 In 1 Bouncy Mask,serums,"['Acne-Fighting', 'Anti-Aging', 'Good for Dry Skin', 'Silicone', 'Fungal Acne Trigger', 'Good for Oily Skin']"
Purito Snail Repair Advanced 91 Serum,serums,"['Good for Sensitive Skin', 'Promotes Wound Healing', 'Anti-Aging', 'Good for Dry Skin', 'Bad for Sensitive Skin', 'Good for Oily Skin', 'Brightening']"
Iunik Beta-Glucan Power Moisture Serum,serums,['Good for Dry Skin']
Skin 1004 Madagascar Centella Asiatica 100 Ampoule,serums,['Promotes Wound Healing']
The Ordinary 100% Plant-Derived Squalane,serums,['Comedogenic Rating (1)']
The Ordinary Matrixyl 10% + HA,serums,"['Fungal Acne Trigger', 'Promotes Wound Healing', 'Good for Dry Skin']"
INNISFREE Green Tea Moisture Essence,serums,"['Comedogenic Rating (1)', 'Bad for Oily Skin', 'Good for Dry Skin', 'Silicone', 'Fungal Acne Trigger', 'Bad for Sensitive Skin', 'Good for Oily Skin', 'Comedogenic Rating (2)']"
Shiseido Aqualabel Whitening Jelly Essence,serums,"['Promotes Wound Healing', 'Anti-Aging', 'Bad for Dry Skin', 'Good for Dry Skin', 'Good for Oily Skin', 'Brightening']"
By WISHTREND  Pure Vitamin C21.5 Advanced Serum,serums,"['Brightening', 'Promotes Wound Healing', 'Good for Oily Skin']"
ETUDE HOUSE Pink Vital Water Serum,serums,"['Comedogenic Rating (1)', 'Anti-Aging', 'Bad for Dry Skin', 'Good for Dry Skin', 'Silicone', 'Fungal Acne Trigger', 'Brightening', 'UV Protection']"
HANSKIN Hyaluron Skin Essence,serums,"['Bad for Sensitive Skin', 'Promotes Wound Healing', 'Anti-Aging', 'Good for Dry Skin']"
Naturie Hatomugi Skin Conditioning Gel,serums,"['Anti-Aging', 'Good for Dry Skin', 'Silicone', 'Paraben', 'Brightening']"
The Ordinary Alpha Lipoic Acid 5%,serums,['']
The Ordinary Niacinamide 10% & Zinc 1%,serums,['Brightening']
Skintegra Clarion,serums,"['Promotes Wound Healing', 'Acne-Fighting', 'Anti-Aging', 'Good for Dry Skin', 'Good for Oily Skin']"
NEOGEN Real Ferment Micro Essence,serums,"['Promotes Wound Healing', 'Anti-Aging', 'Good for Dry Skin', 'Fungal Acne Trigger', 'Good for Oily Skin', 'Brightening']"
SomeByMi Yuja Niacin 30 Days Blemish Care Serum,serums,"['Promotes Wound Healing', 'Acne-Fighting', 'Anti-Aging', 'Good for Dry Skin', 'Fungal Acne Trigger', 'Bad for Sensitive Skin', 'Good for Oily Skin', 'Brightening']"
The Ordinary “Buffet” + Copper Peptides 1%,serums,"['Promotes Wound Healing', 'Anti-Aging', 'Good for Dry Skin', 'Fungal Acne Trigger', 'Good for Oily Skin']"
Kiku-Masamune High Moist Lotion,serums,"['Anti-Aging', 'Good for Dry Skin', 'Fungal Acne Trigger', 'Paraben', 'Brightening']"
Iunik Black Snail Restore Serum,serums,"['Promotes Wound Healing', 'Acne-Fighting', 'Anti-Aging', 'Good for Dry Skin', 'Fungal Acne Trigger', 'Good for Oily Skin', 'Brightening']"
The Ordinary Lactic Acid 5% + HA,serums,"['Anti-Aging', 'Good for Dry Skin']"
First Aid Beauty Ultra Repair Hydrating Serum,serums,"['Good for Sensitive Skin', 'Promotes Wound Healing', 'Acne-Fighting', 'Good for Dry Skin', 'Fungal Acne Trigger', 'Good for Oily Skin']"
MISSHA Time Revolution The First Treatment Essence Rx Pro Ferment,serums,"['Brightening', 'Anti-Aging', 'Good for Dry Skin']"
Dermalogica Multivitamin Power Recovery Masque,serums,"['Good for Sensitive Skin', 'Promotes Wound Healing', 'Acne-Fighting', 'Anti-Aging', 'Bad for Oily Skin', 'Good for Dry Skin', 'Silicone', 'Fungal Acne Trigger', 'Good for Oily Skin', 'Comedogenic Rating (2)']"
Dermalogica Charcoal Rescue Masque,serums,"['Acne-Fighting', 'Anti-Aging', 'Good for Dry Skin', 'Bad for Sensitive Skin', 'Good for Oily Skin', 'Brightening']"
Aromatica Rose Absolute First Serum,serums,"['Good for Sensitive Skin', 'Promotes Wound Healing', 'Good for Dry Skin', 'Fungal Acne Trigger', 'Good for Oily Skin', 'Brightening']"
The Ordinary Acorbic Acid 8% + Alpha Arbutin 2%,serums,['Brightening']
Primera Miracle Seed Essence,serums,"['Promotes Wound Healing', 'Anti-Aging', 'Good for Dry Skin', 'Fungal Acne Trigger', 'Brightening']"
Sukin Super Greens Facial Recovery Serum,serums,"['Promotes Wound Healing', 'Bad for Oily Skin', 'Anti-Aging', 'Good for Dry Skin', 'Fungal Acne Trigger', 'Allergens']"
MISSHA Time Revolution Night Repair Ampoule Gold,serums,"['Good for Sensitive Skin', 'Promotes Wound Healing', 'Acne-Fighting', 'Anti-Aging', 'Good for Dry Skin', 'Silicone', 'Fungal Acne Trigger', 'Brightening', 'Comedogenic Rating (2)']"
Somethinc AHA BHA PHA Peeling Solution,serums,"['Promotes Wound Healing', 'Acne-Fighting', 'Anti-Aging', 'Good for Dry Skin', 'Brightening', 'Comedogenic Rating (2)']"
The Ordinary Retinol 1% in Squalane,serums,"['Fungal Acne Trigger', 'Comedogenic Rating (1)', 'Acne-Fighting']"
Mizon HYALURONIC ACID 100,serums,"['Promotes Wound Healing', 'Bad for Oily Skin', 'Anti-Aging', 'Good for Dry Skin', 'Fungal Acne Trigger', 'Comedogenic Rating (2)']"
Kayman Beauty Skintella Repairing Serum,serums,"['Promotes Wound Healing', 'Anti-Aging', 'Good for Dry Skin', 'Fungal Acne Trigger', 'Brightening']"
Balea Aqua Serum,serums,"['Promotes Wound Healing', 'Anti-Aging', 'Good for Dry Skin']"
Caudalie Paris Vinoperfect Concentrated Brightening Essence,serums,"['Anti-Aging', 'Allergens', 'Good for Dry Skin']"
The Ordinary Lactic Acid 10% + HA,serums,"['Anti-Aging', 'Good for Dry Skin']"
Sulwhasoo First Care Activating Serum EX,serums,"['Promotes Wound Healing', 'Acne-Fighting', 'Bad for Dry Skin', 'Good for Dry Skin', 'Silicone', 'Fungal Acne Trigger', 'Good for Oily Skin']"
The Bath Box BRASSICA - LIGHTENING FACIAL SERUM,serums,"['Fungal Acne Trigger', 'Brightening', 'Good for Dry Skin']"
MISSHA Super Aqua Ultra Waterfull Gel Serum,serums,"['Promotes Wound Healing', 'Anti-Aging', 'Good for Dry Skin', 'Silicone', 'Fungal Acne Trigger']"
Olay Regenerist Regenerating Serum,serums,"['Promotes Wound Healing', 'Anti-Aging', 'Bad for Oily Skin', 'Good for Dry Skin', 'Silicone', 'Fungal Acne Trigger', 'Good for Oily Skin', 'Brightening']"
OTSUKA Oronine H Ointment,serums,"['Fungal Acne Trigger', 'Bad for Oily Skin', 'Comedogenic Rating (2)', 'Good for Dry Skin']"
Origins Original Skin Renewal Serum with Willowherb,serums,"['Good for Sensitive Skin', 'Promotes Wound Healing', 'Acne-Fighting', 'Allergens', 'Anti-Aging', 'Good for Dry Skin', 'Silicone', 'Bad for Sensitive Skin', 'Brightening', 'UV Protection', 'Comedogenic Rating (2)']"
NIOD Survival 0,serums,"['Promotes Wound Healing', 'Comedogenic Rating (1)', 'Good for Dry Skin', 'Fungal Acne Trigger', 'Comedogenic Rating (2)']"
ZarZou Beauty  Repairing And Soothing Facial Serum,serums,"['Promotes Wound Healing', 'Comedogenic Rating (1)', 'Acne-Fighting', 'Anti-Aging', 'Good for Dry Skin', 'Fungal Acne Trigger', 'Good for Oily Skin', 'Brightening']"
Pixi Rose Caviar Essence,serums,"['Good for Sensitive Skin', 'Promotes Wound Healing', 'Bad for Oily Skin', 'Anti-Aging', 'Good for Dry Skin', 'Fungal Acne Trigger', 'Bad for Sensitive Skin', 'Brightening']"
SkinCeuticals Retinol 0.3,serums,"['Acne-Fighting', 'Bad for Oily Skin', 'Anti-Aging', 'Bad for Dry Skin', 'Silicone', 'Fungal Acne Trigger', 'Brightening']"
Indeed Laboratories Hydraluron Moisture Serum,serums,"['Promotes Wound Healing', 'Good for Dry Skin']"
Novexpert Booster Serum With Hyaluronic Acid,serums,"['Good for Sensitive Skin', 'Promotes Wound Healing', 'Good for Dry Skin']"
fresh Black Tea Kombucha Facial Treatment Essence,serums,"['Promotes Wound Healing', 'Anti-Aging', 'Good for Dry Skin', 'Fungal Acne Trigger', 'Good for Oily Skin', 'Allergens']"
NEOGEN Real Ferment Micro Serum,serums,"['Promotes Wound Healing', 'Anti-Aging', 'Good for Dry Skin', 'Silicone', 'Fungal Acne Trigger', 'Good for Oily Skin', 'Brightening']"
Becca Skin Love Glow Elixir,serums,"['Promotes Wound Healing', 'Comedogenic Rating (1)', 'Acne-Fighting', 'Allergens', 'Anti-Aging', 'Bad for Oily Skin', 'Good for Dry Skin', 'Brightening', 'UV Protection', 'Comedogenic Rating (2)']"
Timeless skincare 20% vitamin C-E Ferulic Acid Serum,serums,"['Promotes Wound Healing', 'Anti-Aging', 'Good for Dry Skin', 'Fungal Acne Trigger', 'Brightening', 'Allergens']"
By PNA Birdnest Essence,serums,"['Brightening', 'Promotes Wound Healing', 'Anti-Aging', 'Good for Dry Skin']"
Origins Mega-Bright Skin Tone Correcting Serum,serums,"['Promotes Wound Healing', 'Comedogenic Rating (1)', 'Acne-Fighting', 'Allergens', 'Anti-Aging', 'Good for Dry Skin', 'Silicone', 'Fungal Acne Trigger', 'Bad for Sensitive Skin', 'Brightening', 'UV Protection', 'Comedogenic Rating (2)']"
NIOD Modulating Glucosides,serums,"['Comedogenic Rating (1)', 'Bad for Oily Skin', 'Anti-Aging', 'Good for Dry Skin', 'Brightening', 'Allergens']"
SkinCeuticals Hydrating B5 Gel Moisture Enhancing Gel,serums,['Promotes Wound Healing']
Charms Intelligence Serum,serums,"['Good for Sensitive Skin', 'Promotes Wound Healing', 'Acne-Fighting', 'Anti-Aging', 'Good for Dry Skin', 'Good for Oily Skin', 'Brightening']"
The Raw. Arbutin 2% + Niacinamide 5% + Glutathione Serum,serums,"['Brightening', 'Promotes Wound Healing', 'Anti-Aging', 'Good for Dry Skin']"
Votre Peau Vitamin C Serum,serums,"['Bad for Dry Skin', 'Anti-Aging', 'Acne-Fighting', 'Good for Dry Skin']"
Skintegra Hydra B,serums,"['Promotes Wound Healing', 'Acne-Fighting', 'Anti-Aging', 'Good for Dry Skin', 'Silicone', 'Fungal Acne Trigger', 'Good for Oily Skin', 'Brightening']"
BLITHE Vital Treatment Essence 5 Energy Roots,serums,"['Acne-Fighting', 'Bad for Oily Skin', 'Good for Dry Skin', 'Silicone', 'Fungal Acne Trigger', 'Brightening']"
Sioris A Calming Day Ampoule,serums,"['Promotes Wound Healing', 'Acne-Fighting', 'Good for Dry Skin']"
Avoskin Perfect Hydrating Treatment Essence,serums,"['Bad for Dry Skin', 'Promotes Wound Healing', 'Comedogenic Rating (2)', 'Good for Dry Skin']"
Sulwhasoo Capsulized Ginseng Fortifying Serum,serums,"['Acne-Fighting', 'Bad for Oily Skin', 'Bad for Dry Skin', 'Good for Dry Skin', 'Silicone']"
Estee Lauder Nutritious Vitality8 Night Radiant Overnight Detox Concentrate,serums,"['Promotes Wound Healing', 'Bad for Oily Skin', 'Anti-Aging', 'Good for Dry Skin', 'Silicone', 'Fungal Acne Trigger', 'Brightening']"
Cos de Baha Azelaic Acid 10% Serum with Niacinamide,serums,"['Good for Sensitive Skin', 'Promotes Wound Healing', 'Acne-Fighting', 'Good for Dry Skin', 'Fungal Acne Trigger', 'Bad for Sensitive Skin', 'Brightening']"
Exposed Skin Care Acne Treatment Serum,serums,"['Acne-Fighting', 'Good for Dry Skin']"
Cos de Baha Vitamin B5 4% + Hyaluronic Acid Serum,serums,"['Good for Sensitive Skin', 'Promotes Wound Healing', 'Good for Dry Skin', 'Good for Oily Skin', 'Brightening']"
Cos de Baha Peptide Serum with Matrixyl 3000 Argireline,serums,"['Good for Sensitive Skin', 'Promotes Wound Healing', 'Anti-Aging', 'Good for Dry Skin', 'Good for Oily Skin']"
Geek & Gorgeous B-Bomb,serums,"['Brightening', 'Good for Dry Skin']"
Madara Cosmetics Time Miracle Cellular Repair Serum,serums,"['Promotes Wound Healing', 'Comedogenic Rating (1)', 'Bad for Oily Skin', 'Anti-Aging', 'Good for Dry Skin', 'Fungal Acne Trigger', 'UV Protection', 'Allergens']"
Nano White Dark Spot Corrective Serum,serums,"['Anti-Aging', 'Good for Dry Skin', 'Fungal Acne Trigger', 'Good for Oily Skin', 'Brightening']"
Meeracle Facial Serum,serums,"['Anti-Aging', 'Good for Dry Skin', 'Good for Oily Skin', 'Brightening', 'UV Protection']"
ETUDE HOUSE Zero Sebum Oil Cut Silky Essence,serums,"['Promotes Wound Healing', 'Acne-Fighting', 'Anti-Aging', 'Bad for Dry Skin', 'Good for Dry Skin', 'Bad for Sensitive Skin', 'UV Protection']"
CeraVe Skin Renewing Cream Serum,serums,"['Promotes Wound Healing', 'Acne-Fighting', 'Bad for Oily Skin', 'Anti-Aging', 'Good for Dry Skin', 'Bad for Dry Skin', 'Silicone', 'Fungal Acne Trigger', 'Brightening', 'Comedogenic Rating (2)']"
Farsáli Unicorn Essence,serums,"['Fungal Acne Trigger', 'Bad for Sensitive Skin', 'UV Protection', 'Good for Dry Skin']"
Scarlett Brightly Ever After Serum,serums,"['Brightening', 'Anti-Aging', 'Good for Dry Skin']"
Dermalogica UltraCalming Barrier Repair,serums,"['Anti-Aging', 'Good for Dry Skin', 'Silicone', 'Fungal Acne Trigger', 'Brightening']"
Geek & Gorgeous 101 APAD 20% Azelaic Acid Derivative Serum,serums,"['Anti-Aging', 'Good for Oily Skin', 'Good for Dry Skin']"
Leegeehaam (LJH) Tea Tree 95 Essence,serums,"['Promotes Wound Healing', 'Good for Oily Skin', 'Good for Dry Skin']"
Grace & Stella Hyaluronic Acid Hydrating Serum,serums,"['Promotes Wound Healing', 'Anti-Aging', 'Good for Dry Skin', 'Fungal Acne Trigger', 'Comedogenic Rating (2)']"
FROMNATURE Age Intense Treatment Essence,serums,"['Promotes Wound Healing', 'Anti-Aging', 'Good for Dry Skin', 'Fungal Acne Trigger', 'Brightening']"
Ecooking Moisturizing Serum,serums,"['Promotes Wound Healing', 'Anti-Aging', 'Comedogenic Rating (2)', 'Good for Dry Skin']"
KYPRIS Antioxidant Dew,serums,"['Good for Sensitive Skin', 'Promotes Wound Healing', 'Anti-Aging', 'Good for Dry Skin', 'Fungal Acne Trigger']"
MISSHA Super Aqua Cell Renew Snail Skin Treatment,serums,"['Promotes Wound Healing', 'Acne-Fighting', 'Anti-Aging', 'Good for Dry Skin', 'Fungal Acne Trigger', 'Brightening', 'Comedogenic Rating (2)']"
Atopalm Real Barrier Aqua Soothing Ampoule,serums,"['Promotes Wound Healing', 'Anti-Aging', 'Good for Oily Skin', 'Good for Dry Skin']"
SCINIC Hyaluronic Acid Ampoule 95,serums,"['Good for Sensitive Skin', 'Promotes Wound Healing', 'Acne-Fighting', 'Bad for Oily Skin', 'Anti-Aging', 'Good for Dry Skin', 'Fungal Acne Trigger', 'Good for Oily Skin', 'Brightening', 'Comedogenic Rating (2)']"
Dr. Jart+ V7 Radiance Serum,serums,"['Good for Sensitive Skin', 'Promotes Wound Healing', 'Acne-Fighting', 'Anti-Aging', 'Good for Dry Skin', 'Fungal Acne Trigger', 'Bad for Sensitive Skin', 'Brightening', 'UV Protection']"
Skinlex 2% Alpha-Arbutin Serum,serums,"['Promotes Wound Healing', 'Acne-Fighting', 'Anti-Aging', 'Good for Dry Skin', 'Good for Oily Skin', 'Brightening']"
Cosmedica Advanced 2.5% Retinol Serum,serums,"['Good for Sensitive Skin', 'Promotes Wound Healing', 'Acne-Fighting', 'Bad for Oily Skin', 'Anti-Aging', 'Good for Dry Skin', 'Fungal Acne Trigger', 'Good for Oily Skin']"
BEAUTY OF JOSEON Calming Serum : Green Tea+Panthenol,serums,"['Promotes Wound Healing', 'Bad for Oily Skin', 'Anti-Aging', 'Good for Dry Skin', 'Good for Oily Skin']"
SKINFOOD Royal Honey Propolis Essence,serums,"['Promotes Wound Healing', 'Good for Dry Skin']"
Clarins Double Serum Hydric+Lipidic System,serums,"['Brightening', 'Comedogenic Rating (1)', 'Good for Dry Skin', 'Anti-Aging']"
Kiehl's Clearly Corrective Brightening And Soothing Treatment Water,serums,"['Acne-Fighting', 'Anti-Aging', 'Bad for Dry Skin', 'Good for Dry Skin', 'Bad for Sensitive Skin', 'UV Protection', 'Allergens']"
IsNtree C Niacin Toning Ampoule,serums,"['Good for Sensitive Skin', 'Promotes Wound Healing', 'Anti-Aging', 'Good for Dry Skin', 'Fungal Acne Trigger', 'Good for Oily Skin', 'Brightening']"
TONYMOLY The Chok Chok Green Tea Watery Essence,serums,"['Bad for Dry Skin', 'Silicone', 'Fungal Acne Trigger', 'Bad for Sensitive Skin', 'Good for Oily Skin']"
NEOGEN White Truffle Serum In Oil Drop,serums,"['Promotes Wound Healing', 'Bad for Oily Skin', 'Anti-Aging', 'Good for Dry Skin', 'Silicone', 'Fungal Acne Trigger', 'Brightening']"
Iunik Tea Tree Relief Serum,serums,"['Promotes Wound Healing', 'Anti-Aging', 'Good for Dry Skin', 'Good for Oily Skin', 'Brightening']"
Caudalie Paris Vinosource S.O.S. Thirst-Quenching Serum,serums,"['Promotes Wound Healing', 'Comedogenic Rating (1)', 'Bad for Oily Skin', 'Anti-Aging', 'Good for Dry Skin', 'Silicone', 'Fungal Acne Trigger']"
Mad Hippie Vitamin C Serum,serums,"['Good for Sensitive Skin', 'Promotes Wound Healing', 'Anti-Aging', 'Good for Dry Skin', 'Brightening']"
Shiseido Pureness Pore Minimizing Cooling Essence,serums,"['Bad for Oily Skin', 'Good for Dry Skin', 'Silicone', 'Fungal Acne Trigger', 'Bad for Sensitive Skin', 'Bad for Dry Skin', 'Good for Oily Skin', 'Paraben', 'UV Protection']"
Somethinc Hyaluronic B5,serums,"['Promotes Wound Healing', 'Anti-Aging', 'Good for Dry Skin', 'Good for Oily Skin', 'Brightening']"
Bio-Essence 24K Bio-Gold Rose Gold Water ,serums,"['Promotes Wound Healing', 'Acne-Fighting', 'Anti-Aging', 'Good for Dry Skin', 'Good for Oily Skin']"
Somethinc Level 1% Retinol,serums,"['Promotes Wound Healing', 'Acne-Fighting', 'Anti-Aging', 'Good for Dry Skin', 'Good for Oily Skin', 'UV Protection', 'Comedogenic Rating (2)']"
Purito Galacto Niacin 97 Power Essence,serums,"['Fungal Acne Trigger', 'Brightening', 'Anti-Aging', 'Good for Oily Skin']"
INNISFREE Camellia Essential Hair Oil Serum - 100ml,serums,"['Fungal Acne Trigger', 'Silicone']"
Laneige Water Bank Essence_EX,serums,"['Acne-Fighting', 'Bad for Oily Skin', 'Good for Dry Skin', 'Silicone', 'Fungal Acne Trigger', 'Brightening']"
Olay Age Defying 2-in-1 Anti-Wrinkle Day Cream + Serum,serums,"['Promotes Wound Healing', 'Anti-Aging', 'Bad for Oily Skin', 'Good for Dry Skin', 'Silicone', 'Good for Oily Skin', 'Brightening', 'UV Protection']"
I'M FROM Mugwort Essence,serums,['']
Shiseido Ultimune Power Infusing Concentrate,serums,"['Anti-Aging', 'Bad for Dry Skin', 'Good for Dry Skin', 'Silicone', 'Paraben', 'Allergens']"
Shiseido Eudermine Revitalizing Essence,serums,"['Promotes Wound Healing', 'Bad for Dry Skin', 'Good for Dry Skin', 'Fungal Acne Trigger', 'Paraben']"
Dermalogica C-12 Concentrate,serums,"['Fungal Acne Trigger', 'Comedogenic Rating (1)', 'Good for Dry Skin', 'Silicone']"
Lumene Nordic-C Valo Glow Boost Essence,serums,"['Promotes Wound Healing', 'Anti-Aging', 'Good for Dry Skin', 'Fungal Acne Trigger', 'Bad for Sensitive Skin', 'Brightening', 'Allergens']"
Naruko Face Renewal Miracle Essence,serums,"['Good for Sensitive Skin', 'Promotes Wound Healing', 'Acne-Fighting', 'Bad for Oily Skin', 'Good for Dry Skin', 'Good for Oily Skin', 'Brightening']"
BLITHE Vital Treatment Pulp Essence - 8 Nourishing Beans,serums,"['Promotes Wound Healing', 'Bad for Oily Skin', 'Anti-Aging', 'Good for Dry Skin', 'Fungal Acne Trigger', 'Bad for Sensitive Skin']"
Olival Vitamin Serum C,serums,"['Good for Sensitive Skin', 'Brightening', 'Promotes Wound Healing', 'Anti-Aging']"
SECRET KEY Snail Repairing Essence,serums,"['Fungal Acne Trigger', 'Comedogenic Rating (2)', 'Good for Dry Skin']"
Somethinc Criously 24K Gold Essence,serums,"['Comedogenic Rating (2)', 'Brightening', 'Good for Oily Skin', 'Good for Dry Skin']"
Avoskin Miraculous Retinol Ampoule,serums,"['Fungal Acne Trigger', 'Anti-Aging', 'Acne-Fighting', 'Good for Dry Skin']"
Shiseido White Lucent Brightening Serum for Neck & Decolletage,serums,"['Allergens', 'Anti-Aging', 'Bad for Dry Skin', 'Good for Dry Skin', 'Silicone', 'Paraben', 'UV Protection', 'Comedogenic Rating (2)']"
Dermalogica Age Smart Multivitamin Power Serum,serums,"['Allergens', 'Anti-Aging', 'Good for Dry Skin', 'Silicone', 'Fungal Acne Trigger', 'Brightening', 'Comedogenic Rating (2)']"
Dermalogica Multivitamin Power Serum,serums,"['Allergens', 'Anti-Aging', 'Good for Dry Skin', 'Silicone', 'Fungal Acne Trigger', 'Brightening', 'Comedogenic Rating (2)']"
L'Oreal Paris Youth Code Serum Intense Daily Treatment,serums,"['Promotes Wound Healing', 'Anti-Aging', 'Bad for Dry Skin', 'Good for Dry Skin', 'Silicone', 'Allergens']"
MISSHA Mild Essence Sun Milk,serums,"['Good for Sensitive Skin', 'Bad for Dry Skin', 'Good for Dry Skin', 'Silicone', 'Good for Oily Skin', 'Brightening', 'UV Protection']"
Clinique Sculptwear Lift and Contour Serum for Face and Neck,serums,"['Promotes Wound Healing', 'Anti-Aging', 'Good for Dry Skin', 'Silicone', 'Fungal Acne Trigger']"
HOLIKA HOLIKA 3 Seconds Starter Hyaluronic Acid,serums,"['Promotes Wound Healing', 'Good for Dry Skin', 'Fungal Acne Trigger', 'Bad for Sensitive Skin', 'Good for Oily Skin', 'Paraben', 'Comedogenic Rating (2)']"
The Ordinary AHA 30% + BHA 2% Peeling Solution,serums,"['Good for Sensitive Skin', 'Promotes Wound Healing', 'Acne-Fighting', 'Anti-Aging', 'Good for Dry Skin', 'Fungal Acne Trigger']"
CosRX Propolis Light Ampoule,serums,"['Promotes Wound Healing', 'Good for Dry Skin']"
Mario Badescu Cellufirm Drops,serums,"['Good for Sensitive Skin', 'Promotes Wound Healing', 'Anti-Aging', 'Comedogenic Rating (2)']"
"Mizon AHA 8% Peeling Serum, Skin Renewal Program",serums,"['Good for Sensitive Skin', 'Promotes Wound Healing', 'Anti-Aging', 'Bad for Dry Skin', 'Good for Dry Skin', 'Fungal Acne Trigger', 'Good for Oily Skin', 'Paraben']"
INNISFREE The Green Tea Seed Serum,serums,"['Fungal Acne Trigger', 'Promotes Wound Healing', 'Good for Oily Skin', 'Good for Dry Skin']"
Bioderma Hydrabio Serum,serums,"['Brightening', 'Promotes Wound Healing', 'Good for Dry Skin', 'Silicone']"
"Aveeno Soothing Relief Moisture Cream, Fragrance Free",moisturizers,"['Anti-Aging', 'Bad for Oily Skin', 'Good for Dry Skin', 'Silicone', 'Paraben', 'Comedogenic Rating (2)']"
Neutrogena Foot Cream Norwegian Formula,moisturizers,"['Promotes Wound Healing', 'Bad for Oily Skin', 'Good for Dry Skin', 'Silicone', 'Good for Oily Skin', 'Paraben', 'Brightening', 'Comedogenic Rating (2)']"
"L'Oreal Paris Sublime Glow Daily Moisturizer, for Fair Skin Tones",moisturizers,"['Bad for Oily Skin', 'Anti-Aging', 'Good for Dry Skin', 'Silicone', 'Fungal Acne Trigger', 'Bad for Dry Skin', 'Paraben', 'UV Protection', 'Comedogenic Rating (2)']"
LADYKIN Affinitic Lifting Cream,moisturizers,"['Good for Sensitive Skin', 'Promotes Wound Healing', 'Acne-Fighting', 'Anti-Aging', 'Bad for Oily Skin', 'Good for Dry Skin', 'Silicone', 'Fungal Acne Trigger', 'Bad for Sensitive Skin', 'Good for Oily Skin', 'Comedogenic Rating (2)']"
"Clinique Super Rescue Antioxidant Night Moisturizer, for Very Dry to Dry Skin",moisturizers,"['Good for Sensitive Skin', 'Promotes Wound Healing', 'Anti-Aging', 'Bad for Oily Skin', 'Good for Dry Skin', 'Silicone', 'Fungal Acne Trigger', 'Brightening', 'Comedogenic Rating (2)']"
Aveeno Active Naturals Daily Moisturizing Lotion,moisturizers,"['Allergens', 'Bad for Oily Skin', 'Anti-Aging', 'Good for Dry Skin', 'Silicone', 'Comedogenic Rating (2)']"
Mizon No. 1 Moist Kings Berry Cream,moisturizers,"['Promotes Wound Healing', 'Anti-Aging', 'Bad for Oily Skin', 'Good for Dry Skin', 'Silicone', 'Fungal Acne Trigger', 'Bad for Sensitive Skin', 'Good for Oily Skin', 'Brightening', 'UV Protection', 'Comedogenic Rating (2)']"
Laneige Essential Balancing Emulsion_Moisture,moisturizers,"['Bad for Oily Skin', 'Good for Dry Skin', 'Silicone', 'Fungal Acne Trigger', 'Brightening', 'Comedogenic Rating (2)']"
Eucerin Sensitive Skin Redness Relief Daily Perfecting Lotion,moisturizers,"['Comedogenic Rating (1)', 'Acne-Fighting', 'Bad for Oily Skin', 'Good for Dry Skin', 'Silicone', 'Fungal Acne Trigger', 'Bad for Dry Skin', 'Paraben', 'UV Protection']"
Dermalogica Power Rich - Tubes,moisturizers,"['Promotes Wound Healing', 'Comedogenic Rating (1)', 'Acne-Fighting', 'Allergens', 'Anti-Aging', 'Good for Dry Skin', 'Silicone', 'Fungal Acne Trigger', 'Bad for Sensitive Skin', 'Good for Oily Skin', 'Paraben', 'Brightening', 'Comedogenic Rating (2)']"
Dermalogica Power Rich,moisturizers,"['Promotes Wound Healing', 'Comedogenic Rating (1)', 'Acne-Fighting', 'Allergens', 'Anti-Aging', 'Good for Dry Skin', 'Silicone', 'Fungal Acne Trigger', 'Bad for Sensitive Skin', 'Good for Oily Skin', 'Brightening', 'Comedogenic Rating (2)']"
Shiseido The Skincare Multi-Energizing Cream,moisturizers,"['Promotes Wound Healing', 'Comedogenic Rating (1)', 'Bad for Oily Skin', 'Anti-Aging', 'Good for Dry Skin', 'Silicone', 'Fungal Acne Trigger', 'Bad for Dry Skin', 'Paraben', 'Comedogenic Rating (2)']"
ETUDE HOUSE 99% Aloe Soothing Gel,moisturizers,"['Good for Sensitive Skin', 'Promotes Wound Healing', 'Anti-Aging', 'Good for Dry Skin']"
Sulwhasoo Concentrated Ginseng Renewing Cream EX,moisturizers,"['Promotes Wound Healing', 'Comedogenic Rating (1)', 'Acne-Fighting', 'Bad for Oily Skin', 'Anti-Aging', 'Good for Dry Skin', 'Silicone', 'Fungal Acne Trigger', 'Bad for Dry Skin', 'Brightening', 'Comedogenic Rating (2)']"
La Roche-Posay Cicaplast Gel B5,moisturizers,"['Promotes Wound Healing', 'Anti-Aging', 'Good for Dry Skin', 'Silicone', 'Fungal Acne Trigger']"
TONYMOLY Pure Eco Snail Moisture Gel,moisturizers,"['Anti-Aging', 'Bad for Dry Skin', 'Good for Dry Skin', 'Fungal Acne Trigger', 'Bad for Sensitive Skin']"
Uriage Bariederm Crème Isolante Réparatrice,moisturizers,"['Comedogenic Rating (1)', 'Good for Dry Skin', 'Silicone']"
CeraVe Healing Ointment,moisturizers,"['Promotes Wound Healing', 'Anti-Aging', 'Bad for Oily Skin', 'Silicone', 'Comedogenic Rating (2)']"
"Shiseido The Skincare Night Moisture Recharge, Enriched",moisturizers,"['Promotes Wound Healing', 'Allergens', 'Bad for Oily Skin', 'Anti-Aging', 'Good for Dry Skin', 'Bad for Dry Skin', 'Fungal Acne Trigger', 'Silicone', 'UV Protection', 'Comedogenic Rating (2)']"
First Aid Beauty Ultra Repair Cream Intense Hydration,moisturizers,"['Comedogenic Rating (1)', 'Acne-Fighting', 'Bad for Oily Skin', 'Anti-Aging', 'Good for Dry Skin', 'Silicone', 'Fungal Acne Trigger', 'Bad for Sensitive Skin', 'Good for Oily Skin', 'Comedogenic Rating (2)']"
Dove Cream Oil Ultra Rich Velvet Body Wash,moisturizers,"['Fungal Acne Trigger', 'Bad for Oily Skin', 'UV Protection', 'Good for Dry Skin']"
NOONI Collagen Facial Cream #Balancing,moisturizers,"['Good for Sensitive Skin', 'Promotes Wound Healing', 'Comedogenic Rating (1)', 'Bad for Oily Skin', 'Anti-Aging', 'Good for Dry Skin', 'Bad for Dry Skin', 'Fungal Acne Trigger', 'Silicone', 'Good for Oily Skin', 'Comedogenic Rating (2)']"
Avene Trixera+ Selectiose Emollient Cream,moisturizers,"['Promotes Wound Healing', 'Bad for Oily Skin', 'Anti-Aging', 'Good for Dry Skin', 'Silicone', 'Fungal Acne Trigger', 'Bad for Sensitive Skin', 'Comedogenic Rating (2)']"
Caudalie Paris Vinosource Moisture Recovery Cream,moisturizers,"['Promotes Wound Healing', 'Comedogenic Rating (1)', 'Allergens', 'Bad for Oily Skin', 'Anti-Aging', 'Good for Dry Skin', 'Silicone', 'Fungal Acne Trigger', 'Comedogenic Rating (2)']"
THE SAEM 99% Jeju Fresh Aloe Soothing Gel,moisturizers,"['Good for Sensitive Skin', 'Brightening', 'Fungal Acne Trigger', 'Good for Dry Skin']"
CeraVe SA Renewing Lotion,moisturizers,"['Promotes Wound Healing', 'Acne-Fighting', 'Bad for Oily Skin', 'Anti-Aging', 'Good for Dry Skin', 'Silicone', 'Fungal Acne Trigger', 'Paraben', 'Comedogenic Rating (2)']"
Aveeno Skin Relief Overnight Cream,moisturizers,"['Good for Sensitive Skin', 'Allergens', 'Bad for Oily Skin', 'Anti-Aging', 'Good for Dry Skin', 'Silicone', 'Comedogenic Rating (2)']"
CeraVe Renewing SA Cream,moisturizers,"['Promotes Wound Healing', 'Acne-Fighting', 'Bad for Oily Skin', 'Anti-Aging', 'Good for Dry Skin', 'Silicone', 'Fungal Acne Trigger', 'Paraben', 'Brightening', 'Comedogenic Rating (2)']"
CeraVe SA Renewing Cream,moisturizers,"['Promotes Wound Healing', 'Acne-Fighting', 'Bad for Oily Skin', 'Anti-Aging', 'Good for Dry Skin', 'Silicone', 'Fungal Acne Trigger', 'Paraben', 'Brightening', 'Comedogenic Rating (2)']"
Nivea Soft Moisturizing Creme,moisturizers,"['Bad for Oily Skin', 'Anti-Aging', 'Good for Dry Skin', 'Silicone', 'Fungal Acne Trigger', 'Bad for Dry Skin', 'Paraben', 'Comedogenic Rating (2)']"
Nivea Q10 Plus Anti-Wrinkle Night Face Cream,moisturizers,"['Promotes Wound Healing', 'Allergens', 'Bad for Oily Skin', 'Anti-Aging', 'Good for Dry Skin', 'Fungal Acne Trigger', 'Comedogenic Rating (2)']"
Shiseido Pureness Moisturizing Gel-Cream,moisturizers,"['Bad for Oily Skin', 'Good for Dry Skin', 'Silicone', 'Fungal Acne Trigger', 'Bad for Sensitive Skin', 'Bad for Dry Skin', 'Paraben']"
Estee Lauder Verite Moisture Relief Creme,moisturizers,"['Promotes Wound Healing', 'Comedogenic Rating (1)', 'Anti-Aging', 'Bad for Oily Skin', 'Good for Dry Skin', 'Silicone', 'Fungal Acne Trigger', 'Bad for Sensitive Skin', 'UV Protection', 'Comedogenic Rating (2)']"
"Olay Active Hydrating Cream, Original",moisturizers,"['Bad for Oily Skin', 'Good for Dry Skin', 'Silicone', 'Fungal Acne Trigger', 'UV Protection', 'Comedogenic Rating (2)']"
INNISFREE Perfect 9 Repair Cream,moisturizers,"['Promotes Wound Healing', 'Comedogenic Rating (1)', 'Bad for Oily Skin', 'Anti-Aging', 'Good for Dry Skin', 'Bad for Dry Skin', 'Fungal Acne Trigger', 'Silicone', 'Good for Oily Skin', 'Brightening', 'Comedogenic Rating (2)']"
Skintegra Naro,moisturizers,['Comedogenic Rating (1)']
Laneige White Dew Tone-up Cream,moisturizers,"['Promotes Wound Healing', 'Bad for Oily Skin', 'Good for Dry Skin', 'Silicone', 'Fungal Acne Trigger', 'UV Protection', 'Comedogenic Rating (2)']"
ETUDE HOUSE SoonJung Hydro Barrier Cream,moisturizers,"['Promotes Wound Healing', 'Bad for Oily Skin', 'Anti-Aging', 'Good for Dry Skin', 'Silicone', 'Fungal Acne Trigger']"
INNISFREE Intensive Hydrating Cream With Green Tea Seed,moisturizers,"['Anti-Aging', 'Good for Dry Skin', 'Silicone', 'Fungal Acne Trigger', 'Bad for Sensitive Skin', 'Good for Oily Skin', 'Brightening', 'Comedogenic Rating (2)']"
Clinique Smart Treatment Oil,moisturizers,"['Promotes Wound Healing', 'Comedogenic Rating (1)', 'Anti-Aging', 'Bad for Oily Skin', 'Fungal Acne Trigger']"
Laneige Perfect Renew Cream,moisturizers,"['Comedogenic Rating (1)', 'Bad for Oily Skin', 'Anti-Aging', 'Good for Dry Skin', 'Silicone', 'Fungal Acne Trigger', 'Comedogenic Rating (2)']"
Estee Lauder Re-Nutriv Creme,moisturizers,"['Comedogenic Rating (1)', 'Bad for Oily Skin', 'Anti-Aging', 'Good for Dry Skin', 'Silicone', 'Fungal Acne Trigger', 'Paraben', 'Comedogenic Rating (2)']"
Andalou Naturals 1000 Roses Heavenly Night Cream,moisturizers,"['Good for Sensitive Skin', 'Promotes Wound Healing', 'Bad for Oily Skin', 'Anti-Aging', 'Silicone', 'Fungal Acne Trigger', 'Good for Oily Skin', 'Brightening', 'Comedogenic Rating (2)']"
Harborist Aloe Vera Gel 98%,moisturizers,"['Good for Sensitive Skin', 'Anti-Aging', 'Comedogenic Rating (2)', 'Good for Dry Skin']"
INNISFREE Olive Real Power Cream,moisturizers,"['Bad for Oily Skin', 'Good for Dry Skin', 'Silicone', 'Fungal Acne Trigger', 'Good for Oily Skin', 'Comedogenic Rating (2)']"
Aveeno Baby Daily Moisture Lotion,moisturizers,"['Allergens', 'Bad for Oily Skin', 'Anti-Aging', 'Good for Dry Skin', 'Silicone', 'Good for Oily Skin', 'Comedogenic Rating (2)']"
Cetaphil Intensive Moisturizing Cream,moisturizers,"['Bad for Oily Skin', 'Anti-Aging', 'Good for Dry Skin', 'Silicone', 'Fungal Acne Trigger', 'Paraben', 'UV Protection', 'Comedogenic Rating (2)']"
Dr. Jart+ Ceramidin Gel-Cream,moisturizers,"['Good for Sensitive Skin', 'Promotes Wound Healing', 'Acne-Fighting', 'Anti-Aging', 'Bad for Oily Skin', 'Good for Dry Skin', 'Silicone', 'Fungal Acne Trigger', 'Bad for Sensitive Skin', 'Comedogenic Rating (2)']"
Estee Lauder Revitalizing Supreme Plus Global Anti-Aging Cell Power Creme,moisturizers,"['Promotes Wound Healing', 'Comedogenic Rating (1)', 'Anti-Aging', 'Good for Dry Skin', 'Silicone', 'Brightening']"
Viva Cosmetics Astringent Cucumber,moisturizers,"['Anti-Aging', 'Good for Oily Skin']"
Mantecorp Epidrat Calm,moisturizers,"['Anti-Aging', 'Good for Dry Skin', 'Silicone', 'Fungal Acne Trigger', 'Brightening']"
INNISFREE Green Tea Fresh Cream,moisturizers,"['Fungal Acne Trigger', 'Good for Oily Skin', 'Good for Dry Skin']"
INNISFREE Perfect 9 Repair Lotion,moisturizers,"['Promotes Wound Healing', 'Comedogenic Rating (1)', 'Bad for Oily Skin', 'Anti-Aging', 'Good for Dry Skin', 'Silicone', 'Fungal Acne Trigger', 'Bad for Dry Skin', 'Good for Oily Skin', 'Brightening', 'Comedogenic Rating (2)']"
Cetaphil Moisturizing Cream,moisturizers,"['Allergens', 'Anti-Aging', 'Bad for Oily Skin', 'Good for Dry Skin', 'Silicone', 'Comedogenic Rating (2)']"
Dermalogica Barrier Repair,moisturizers,"['Anti-Aging', 'Good for Dry Skin', 'Silicone', 'Fungal Acne Trigger', 'Brightening']"
HOLIKA HOLIKA Skin & Good Cera Ultra Emulsion,moisturizers,"['Good for Sensitive Skin', 'Promotes Wound Healing', 'Comedogenic Rating (1)', 'Acne-Fighting', 'Anti-Aging', 'Bad for Oily Skin', 'Good for Dry Skin', 'Silicone', 'Fungal Acne Trigger', 'Comedogenic Rating (2)']"
TOO COOL FOR SCHOOL Egg Cream Mask,moisturizers,"['Promotes Wound Healing', 'Anti-Aging', 'Good for Dry Skin', 'Silicone', 'Fungal Acne Trigger', 'Comedogenic Rating (2)']"
Estee Lauder Re Nutriv Ultimate Lift Age Correcting Creme,moisturizers,"['Promotes Wound Healing', 'Bad for Oily Skin', 'Anti-Aging', 'Good for Dry Skin', 'Silicone', 'Fungal Acne Trigger', 'Brightening', 'Comedogenic Rating (2)']"
Neutrogena Deep Moisture Night Cream,moisturizers,"['Bad for Oily Skin', 'Comedogenic Rating (2)', 'Good for Dry Skin']"
Bioderma Atoderm Cream,moisturizers,"['Bad for Oily Skin', 'Anti-Aging', 'Good for Dry Skin', 'Silicone', 'Fungal Acne Trigger', 'Paraben', 'Comedogenic Rating (2)']"
Shiseido IBUKI Refining Moisturizer Enriched,moisturizers,"['Bad for Oily Skin', 'Anti-Aging', 'Bad for Dry Skin', 'Good for Dry Skin', 'Fungal Acne Trigger', 'Silicone', 'Bad for Sensitive Skin', 'Allergens']"
CeraVe Facial Moisturising Lotion,moisturizers,"['Promotes Wound Healing', 'Bad for Oily Skin', 'Anti-Aging', 'Good for Dry Skin', 'Silicone', 'Paraben', 'Brightening', 'Comedogenic Rating (2)']"
Olay Anti-Wrinkle Firm and Lift Night Cream,moisturizers,"['Promotes Wound Healing', 'Allergens', 'Anti-Aging', 'Bad for Oily Skin', 'Good for Dry Skin', 'Silicone', 'Fungal Acne Trigger', 'Paraben', 'Brightening', 'UV Protection', 'Comedogenic Rating (2)']"
SCINIC Snail Matrix Cream,moisturizers,"['Good for Sensitive Skin', 'Promotes Wound Healing', 'Bad for Oily Skin', 'Anti-Aging', 'Good for Dry Skin', 'Silicone', 'Fungal Acne Trigger', 'Good for Oily Skin', 'Comedogenic Rating (2)']"
Kiehl's Skin Rescuer,moisturizers,"['Good for Sensitive Skin', 'Promotes Wound Healing', 'Comedogenic Rating (1)', 'Bad for Oily Skin', 'Anti-Aging', 'Good for Dry Skin', 'Fungal Acne Trigger', 'Comedogenic Rating (2)']"
Sunday Riley C.E.O. C + E Antioxidant Protect + Repair Moisturizer,moisturizers,"['Promotes Wound Healing', 'Comedogenic Rating (1)', 'Anti-Aging', 'Bad for Oily Skin', 'Good for Dry Skin', 'Bad for Dry Skin', 'Brightening', 'Comedogenic Rating (2)']"
First Aid Beauty Travel Size Ultra Repair Cream,moisturizers,"['Comedogenic Rating (1)', 'Acne-Fighting', 'Bad for Oily Skin', 'Anti-Aging', 'Good for Dry Skin', 'Silicone', 'Fungal Acne Trigger', 'Bad for Sensitive Skin', 'Good for Oily Skin', 'Comedogenic Rating (2)']"
Vanicream Moisturizing Skin Cream,moisturizers,"['Comedogenic Rating (1)', 'Bad for Oily Skin', 'Good for Dry Skin', 'Fungal Acne Trigger', 'Comedogenic Rating (2)']"
Lano Lips 101 Ointment Mulitpurpose Superbalm,moisturizers,['Comedogenic Rating (1)']
Chanel La Solution 10 de Chanel,moisturizers,"['Comedogenic Rating (1)', 'Good for Oily Skin', 'Good for Dry Skin']"
INNISFREE Canola Honey Cream,moisturizers,"['Good for Dry Skin', 'Silicone', 'Fungal Acne Trigger', 'Good for Oily Skin', 'Comedogenic Rating (2)']"
Kiehl's Powerful Wrinkle Reducing Cream,moisturizers,"['Bad for Oily Skin', 'Anti-Aging', 'Good for Dry Skin', 'Silicone', 'Fungal Acne Trigger', 'Comedogenic Rating (2)']"
Tatcha AGELESS Enriching Renewal Cream,moisturizers,"['Promotes Wound Healing', 'Bad for Oily Skin', 'Bad for Dry Skin', 'Good for Dry Skin', 'Fungal Acne Trigger', 'Silicone']"
Weleda Iris Hydrating Facial Lotion,moisturizers,"['Bad for Dry Skin', 'Good for Dry Skin', 'Fungal Acne Trigger', 'Good for Oily Skin', 'Allergens']"
Clinelle Purifying Gel Moisturizer,moisturizers,"['Good for Sensitive Skin', 'Promotes Wound Healing', 'Acne-Fighting', 'Anti-Aging', 'Good for Dry Skin', 'Silicone', 'Fungal Acne Trigger', 'Comedogenic Rating (2)', 'Paraben', 'Brightening', 'Allergens']"
MISSHA Super Aqua Oil Clear Gel Cream,moisturizers,"['Promotes Wound Healing', 'Good for Oily Skin', 'Good for Dry Skin', 'Silicone']"
Dermalogica Clear Start Soothing Hydrating Lotion,moisturizers,"['Promotes Wound Healing', 'Comedogenic Rating (1)', 'Acne-Fighting', 'Anti-Aging', 'Good for Dry Skin', 'Bad for Sensitive Skin']"
Olay Age Defying Anti-Wrinkle Night Cream,moisturizers,"['Promotes Wound Healing', 'Allergens', 'Bad for Oily Skin', 'Anti-Aging', 'Good for Dry Skin', 'Silicone', 'Fungal Acne Trigger', 'Paraben', 'Brightening', 'UV Protection', 'Comedogenic Rating (2)']"
Origins Mega-Mushroom Skin Relief Face Cream,moisturizers,"['Good for Sensitive Skin', 'Promotes Wound Healing', 'Allergens', 'Bad for Oily Skin', 'Good for Dry Skin', 'Silicone', 'Fungal Acne Trigger', 'Bad for Sensitive Skin', 'Brightening', 'UV Protection', 'Comedogenic Rating (2)']"
La Roche-Posay Toleriane Ultra Night Moisturizer,moisturizers,"['Comedogenic Rating (1)', 'Bad for Oily Skin', 'Anti-Aging', 'Good for Dry Skin', 'Silicone', 'Fungal Acne Trigger', 'Good for Oily Skin', 'Brightening']"
derma e Skinbiotics Treatment Creme,moisturizers,"['Good for Sensitive Skin', 'Promotes Wound Healing', 'Acne-Fighting', 'Bad for Oily Skin', 'Good for Dry Skin', 'Fungal Acne Trigger', 'Bad for Sensitive Skin', 'Good for Oily Skin', 'Comedogenic Rating (2)']"
Cetaphil Daily Advance Lotion,moisturizers,"['Promotes Wound Healing', 'Comedogenic Rating (1)', 'Allergens', 'Bad for Oily Skin', 'Anti-Aging', 'Good for Dry Skin', 'Silicone', 'Fungal Acne Trigger', 'Comedogenic Rating (2)']"
Caudalie Paris Vinosource Moisturizing Sorbet,moisturizers,"['Good for Sensitive Skin', 'Promotes Wound Healing', 'Anti-Aging', 'Good for Dry Skin', 'Fungal Acne Trigger']"
Nivea Creme,moisturizers,"['Promotes Wound Healing', 'Bad for Oily Skin', 'Anti-Aging', 'Good for Dry Skin', 'Fungal Acne Trigger', 'Comedogenic Rating (2)']"
Make P:rem Safe Relief Cream,moisturizers,"['Bad for Sensitive Skin', 'Comedogenic Rating (1)', 'Comedogenic Rating (2)', 'Good for Dry Skin']"
"Aveeno Daily Moisturizing Lotion, Fragrance-Free",moisturizers,"['Allergens', 'Bad for Oily Skin', 'Anti-Aging', 'Good for Dry Skin', 'Silicone', 'Comedogenic Rating (2)']"
Estee Lauder Swiss Performing Extract,moisturizers,"['Promotes Wound Healing', 'Comedogenic Rating (1)', 'Allergens', 'Bad for Oily Skin', 'Anti-Aging', 'Good for Dry Skin', 'Silicone', 'Fungal Acne Trigger', 'Comedogenic Rating (2)']"
Cetaphil Moisturizing Lotion,moisturizers,"['Promotes Wound Healing', 'Comedogenic Rating (1)', 'Allergens', 'Anti-Aging', 'Good for Dry Skin', 'Silicone', 'Fungal Acne Trigger', 'Comedogenic Rating (2)']"
A'pieu Madecassoside Cica Gel,moisturizers,"['Promotes Wound Healing', 'Anti-Aging', 'Good for Dry Skin', 'Silicone', 'Fungal Acne Trigger', 'Good for Oily Skin', 'Brightening']"
Nivea Q10 Plus Anti-Wrinkle Day Face Cream,moisturizers,"['Allergens', 'Bad for Oily Skin', 'Anti-Aging', 'Good for Dry Skin', 'Silicone', 'UV Protection', 'Comedogenic Rating (2)']"
ETUDE HOUSE Wonder Pore Clearing Emulsion,moisturizers,"['Promotes Wound Healing', 'Bad for Oily Skin', 'Good for Dry Skin', 'Silicone', 'Fungal Acne Trigger', 'Comedogenic Rating (2)']"
Shiseido Benefiance WrinkleResist24 Night Emulsion,moisturizers,"['Comedogenic Rating (1)', 'Bad for Oily Skin', 'Anti-Aging', 'Good for Dry Skin', 'Bad for Dry Skin', 'Fungal Acne Trigger', 'Silicone', 'Comedogenic Rating (2)', 'Allergens']"
Clinique Anti-Age Moisturizer,moisturizers,"['Promotes Wound Healing', 'Comedogenic Rating (1)', 'Bad for Oily Skin', 'Anti-Aging', 'Good for Dry Skin', 'Silicone', 'Fungal Acne Trigger', 'Bad for Sensitive Skin', 'Brightening', 'Comedogenic Rating (2)']"
Clinique Dramatically Different Moisturizing Cream,moisturizers,"['Promotes Wound Healing', 'Bad for Oily Skin', 'Good for Dry Skin', 'Silicone', 'Fungal Acne Trigger', 'Comedogenic Rating (2)']"
Estee Lauder Resilience Lift Night Firming/Sculpting Face and Neck Creme,moisturizers,"['Promotes Wound Healing', 'Bad for Oily Skin', 'Anti-Aging', 'Good for Dry Skin', 'Silicone', 'Fungal Acne Trigger', 'Brightening', 'UV Protection', 'Comedogenic Rating (2)']"
Clinique Moisture Surge Extended Thirst Relief,moisturizers,"['Good for Sensitive Skin', 'Promotes Wound Healing', 'Anti-Aging', 'Good for Dry Skin', 'Silicone', 'Brightening', 'Comedogenic Rating (2)']"
THE SAEM Fresh Bamboo Soothing Gel 99%,moisturizers,"['Fungal Acne Trigger', 'Promotes Wound Healing', 'Good for Dry Skin']"
Hamilton Skin Active Urederm Cream,moisturizers,"['Paraben', 'Bad for Oily Skin', 'Comedogenic Rating (2)', 'Good for Dry Skin']"
THE SAEM Iceland Hydrating Water Volume Cream (For Combination Skin),moisturizers,"['Promotes Wound Healing', 'Bad for Oily Skin', 'Anti-Aging', 'Good for Dry Skin', 'Silicone', 'UV Protection']"
Cetaphil UVA/UVB Defense SPF50 Daytime Moisturizer,moisturizers,"['Bad for Oily Skin', 'Anti-Aging', 'Good for Dry Skin', 'Silicone', 'Fungal Acne Trigger', 'Paraben', 'UV Protection', 'Comedogenic Rating (2)']"
Safi Dermasafe Soothe & Hydrate Day Moisturizer,moisturizers,"['Good for Sensitive Skin', 'Promotes Wound Healing', 'Acne-Fighting', 'Good for Dry Skin', 'Silicone', 'Paraben', 'Brightening']"
L'Oreal Paris Age Perfect Anti-Sagging + Anti-Age Spot Hydrating Moisturizer Day Cream SPF 15,moisturizers,"['Comedogenic Rating (1)', 'Allergens', 'Bad for Oily Skin', 'Good for Dry Skin', 'Fungal Acne Trigger', 'Paraben', 'UV Protection', 'Comedogenic Rating (2)']"
Mario Badescu Kera Moist Cream,moisturizers,"['Bad for Oily Skin', 'Anti-Aging', 'Good for Dry Skin', 'Silicone', 'Paraben', 'Comedogenic Rating (2)']"
Primera Watery Cream Alpine Berry,moisturizers,"['Good for Sensitive Skin', 'Promotes Wound Healing', 'Comedogenic Rating (1)', 'Bad for Oily Skin', 'Good for Dry Skin', 'Bad for Dry Skin', 'Fungal Acne Trigger', 'Silicone', 'Good for Oily Skin', 'Comedogenic Rating (2)']"
Clinique Sparkle Skin Body Exfoliating Cream,moisturizers,"['Acne-Fighting', 'Bad for Oily Skin', 'Good for Dry Skin', 'Fungal Acne Trigger', 'Bad for Sensitive Skin', 'Good for Oily Skin', 'Comedogenic Rating (2)']"
Dermalogica Skin Hydrating Booster,moisturizers,"['Bad for Sensitive Skin', 'Promotes Wound Healing', 'Allergens', 'Good for Dry Skin']"
A'pieu pH Balancing 18 Fresh Cream,moisturizers,['']
e.l.f. Cosmetics SuperHydrate Moisturizer,moisturizers,"['Promotes Wound Healing', 'Comedogenic Rating (1)', 'Anti-Aging', 'Good for Dry Skin', 'Silicone', 'Brightening']"
"Estee Lauder Hydrationist Maximum Moisture Creme, Normal/Combination Skin",moisturizers,"['Good for Sensitive Skin', 'Promotes Wound Healing', 'Acne-Fighting', 'Allergens', 'Anti-Aging', 'Bad for Oily Skin', 'Good for Dry Skin', 'Silicone', 'Fungal Acne Trigger', 'Comedogenic Rating (2)']"
ELIZAVECCA Aqua Rising Argan Gelato Steam Cream,moisturizers,"['Promotes Wound Healing', 'Comedogenic Rating (1)', 'Bad for Oily Skin', 'Anti-Aging', 'Good for Dry Skin', 'Silicone', 'Fungal Acne Trigger', 'Good for Oily Skin', 'Brightening', 'Comedogenic Rating (2)']"
